cell_i,cell_j,sample,t_s,x_mm,y_mm,z_mm,Bx_uT,By_uT,Bz_uT,Babs_uT,Bbx_uT,Bby_uT,Bbz_uT,ax_g,ay_g,az_g,tilt_deg,gain_idx,qmc
0,0,1,0.005,-40.000,40.000,0.000,64.9226,13.6754,7.9840,66.8259,54.9767,-36.2767,-11.2817,-1.66911,-2.70696,-2.14347,123.980,0,1
0,0,2,0.222,-40.000,40.000,0.000,65.1112,12.7944,8.9304,66.9546,54.8100,-36.7933,-11.1817,-1.46642,-2.45665,-1.80708,122.277,0,1
0,0,3,0.419,-40.000,40.000,0.000,64.9518,13.6971,8.4419,66.9150,54.6850,-36.8767,-11.2817,-1.62027,-2.62576,-2.03785,123.444,0,1
0,0,4,0.627,-40.000,40.000,0.000,65.2087,13.4876,8.5852,67.1401,54.7267,-37.2350,-11.2400,-1.56532,-2.53907,-1.91941,122.761,0,1
0,0,5,0.837,-40.000,40.000,0.000,64.2501,13.3876,8.9528,66.2379,54.1183,-36.6683,-10.6817,-1.50061,-2.51709,-1.88034,122.686,0,1
0,0,6,1.048,-40.000,40.000,0.000,64.2792,8.0352,2.5352,64.8291,56.3267,-29.5017,-12.6400,-1.65690,-2.61538,-2.02076,123.132,0,1
0,0,7,1.257,-40.000,40.000,0.000,65.3569,10.7971,1.6973,66.2645,58.1850,-30.2350,-9.5567,-1.57998,-2.61294,-2.00122,123.240,0,1
0,0,8,1.47,-40.000,40.000,0.000,66.5358,13.3014,8.0279,68.3255,56.1600,-36.9600,-12.1817,-1.68742,-2.69475,-2.12271,123.728,0,1
0,0,9,1.677,-40.000,40.000,0.000,66.7548,11.3363,3.0863,67.7808,58.4767,-32.3350,-11.3650,-1.74054,-2.74908,-2.20085,124.075,0,1
0,0,10,1.887,-40.000,40.000,0.000,67.6920,10.8564,6.9282,68.9062,57.8517,-35.1683,-12.8233,-1.51465,-2.49206,-1.87057,122.677,0,1
1,0,1,0.005,0.000,40.000,0.000,96.4580,-12.4837,-4.7728,97.3795,88.8100,-21.8350,-33.4483,-1.69231,-2.71368,-2.17033,124.162,0,1
1,0,2,0.21,0.000,40.000,0.000,99.5575,-13.1950,-4.8767,100.5464,91.7683,-22.6100,-34.3067,-1.58486,-2.58974,-2.01465,123.566,0,1
1,0,3,0.42,0.000,40.000,0.000,98.5865,-16.7989,-10.2651,100.5329,92.7017,-16.6517,-35.1567,-1.78694,-2.76129,-2.24176,124.278,0,1
1,0,4,0.63,0.000,40.000,0.000,101.4329,-14.3425,-6.3122,102.6361,93.3267,-23.0267,-35.9733,-1.64164,-2.56044,-1.98291,123.102,0,1
1,0,5,0.827,0.000,40.000,0.000,101.1705,-13.3988,-3.7782,102.1239,92.6017,-23.7933,-35.8900,-1.64591,-2.64957,-2.09463,123.883,0,1
1,0,6,1.022,0.000,40.000,0.000,99.6963,-16.3684,-8.6343,101.3993,92.9933,-18.9183,-35.7233,-1.67643,-2.62759,-2.06838,123.569,0,1
1,0,7,1.23,0.000,40.000,0.000,99.5855,-16.3589,-9.3419,101.3517,93.4517,-18.5683,-34.5567,-1.54762,-2.50366,-1.89377,122.757,0,1
1,0,8,1.428,0.000,40.000,0.000,100.9654,-16.3147,-7.6588,102.5614,94.2683,-18.7933,-35.7650,-1.66056,-2.69597,-2.14164,124.073,0,1
1,0,9,1.622,0.000,40.000,0.000,101.2669,-16.4562,-10.0923,103.0905,94.9350,-18.5683,-35.6400,-1.70147,-2.64225,-2.08730,123.591,0,1
1,0,10,1.83,0.000,40.000,0.000,102.4176,-18.5311,-9.5121,104.5143,95.9517,-18.2767,-37.1817,-1.55495,-2.49084,-1.89438,122.828,0,1
2,0,1,0.007,40.000,40.000,0.000,93.2213,-46.5870,-42.0753,112.3872,102.2683,26.5817,-38.2817,-1.40965,-2.43040,-1.79121,122.519,0,1
2,0,2,0.205,40.000,40.000,0.000,93.8385,-48.0482,-43.4751,114.0367,103.4100,28.0817,-39.0150,-1.55861,-2.57387,-1.97375,123.263,0,1
2,0,3,0.412,40.000,40.000,0.000,92.6466,-47.9333,-43.9914,113.2088,102.5600,28.4567,-38.5733,-1.39683,-2.39438,-1.74481,122.188,0,1
2,0,4,0.623,40.000,40.000,0.000,95.3954,-46.9861,-46.3895,116.0171,106.0767,28.2900,-37.5150,-1.54640,-2.53297,-1.91514,122.835,0,1
2,0,5,0.832,40.000,40.000,0.000,94.3325,-45.3302,-45.4893,114.1172,104.7267,27.6400,-35.9317,-1.47680,-2.47558,-1.86325,122.878,0,1
2,0,6,1.027,40.000,40.000,0.000,95.8965,-45.7842,-45.4419,115.5738,106.1183,27.4317,-36.6567,-1.46093,-2.47985,-1.84615,122.677,0,1
2,0,7,1.224,40.000,40.000,0.000,96.4790,-46.1552,-43.7902,115.5685,105.9517,27.2900,-37.2233,-1.38400,-2.44505,-1.80403,122.704,0,1
2,0,8,1.433,40.000,40.000,0.000,96.2088,-45.4856,-44.6904,115.4223,106.0767,26.6650,-36.8650,-1.52503,-2.54823,-1.93468,123.083,0,1
2,0,9,1.627,40.000,40.000,0.000,98.1303,-45.9959,-44.1436,117.0207,107.6017,26.7900,-37.3900,-1.37607,-2.45665,-1.78449,122.364,0,1
2,0,10,1.839,40.000,40.000,0.000,97.1619,-45.7358,-44.9049,116.3987,107.0350,26.5817,-37.2233,-1.43529,-2.46398,-1.81136,122.425,0,1
0,1,1,0.006,-40.000,0.000,0.000,93.3099,-4.1298,71.7328,117.7683,55.4767,-81.0433,-64.9900,-1.40293,-2.49634,-1.84371,122.776,0,1
0,1,2,0.216,-40.000,0.000,0.000,100.5412,-1.9618,82.7059,130.2023,55.9517,-93.6517,-71.0733,-1.43956,-2.47802,-1.81624,122.365,0,1
0,1,3,0.425,-40.000,0.000,0.000,105.1724,1.8544,91.0136,139.0976,59.4517,-102.4017,-72.9900,-1.39011,-2.53663,-1.86508,122.813,0,1
0,1,4,0.648,-40.000,0.000,0.000,123.0571,1.8311,92.3971,153.8949,75.9767,-111.0017,-74.7650,-1.22711,-2.31746,-1.60745,121.508,0,1
0,1,5,0.846,-40.000,0.000,0.000,130.3710,-0.4430,87.9145,157.2442,82.4100,-107.9600,-79.2400,-1.38034,-2.45910,-1.79243,122.440,0,1
0,1,6,1.052,-40.000,0.000,0.000,123.9077,-0.2413,91.6276,154.1065,76.7683,-109.7517,-76.2233,-1.21368,-2.28022,-1.57753,121.413,0,1
0,1,7,1.247,-40.000,0.000,0.000,122.4846,0.4831,91.3132,152.7770,76.8517,-108.7767,-74.8483,-1.18864,-2.29060,-1.58852,121.615,0,1
0,1,8,1.457,-40.000,0.000,0.000,124.6651,2.6731,90.0838,153.8298,77.6183,-109.6267,-74.9733,-1.32051,-2.43223,-1.73626,122.102,0,1
0,1,9,1.667,-40.000,0.000,0.000,125.7059,1.5420,92.2667,155.9407,78.8517,-110.5433,-76.6817,-1.26984,-2.39805,-1.70452,122.135,0,1
0,1,10,1.864,-40.000,0.000,0.000,125.3614,0.2601,92.6686,155.8943,79.4767,-110.3183,-76.2650,-1.21917,-2.37363,-1.64774,121.695,0,1
1,1,1,0.024,0.000,0.000,0.000,210.1067,-85.0821,92.7533,244.9223,155.8267,-87.9850,-167.2233,-1.27167,-2.38645,-1.70147,122.179,0,1
1,1,2,0.219,0.000,0.000,0.000,209.1927,-90.9061,91.5538,245.7795,154.6017,-86.6933,-170.2650,-1.23077,-2.30220,-1.58852,121.321,0,1
1,1,3,0.428,0.000,0.000,0.000,214.6396,-88.4612,93.6874,250.3455,156.6183,-88.7517,-173.9733,-1.37851,-2.45177,-1.78388,122.384,0,1
1,1,4,0.624,0.000,0.000,0.000,210.8433,-89.8258,94.7943,248.0112,156.1600,-87.3767,-171.7233,-1.26923,-2.40720,-1.70085,122.006,0,1
1,1,5,0.833,0.000,0.000,0.000,215.4036,-86.6031,91.0625,249.3816,157.8100,-87.9017,-171.9317,-1.43346,-2.51893,-1.84860,122.531,0,1
1,1,6,1.046,0.000,0.000,0.000,216.2932,-84.8242,92.5866,250.1003,158.0183,-88.6683,-172.3900,-1.46581,-2.55861,-1.91636,123.019,0,1
1,1,7,1.241,0.000,0.000,0.000,217.9413,-83.6609,92.8888,251.2487,158.4933,-90.2100,-172.8233,-1.52381,-2.61783,-1.97436,123.097,0,1
1,1,8,1.436,0.000,0.000,0.000,219.1061,-82.3131,92.3533,251.6189,159.4100,-90.6933,-172.2650,-1.51282,-2.57814,-1.95849,123.232,0,1
1,1,9,1.648,0.000,0.000,0.000,221.4839,-82.2098,93.5909,254.1118,161.2850,-91.5433,-173.7233,-1.52015,-2.59158,-1.98596,123.464,0,1
1,1,10,1.857,0.000,0.000,0.000,221.5379,-83.5379,92.7144,254.2707,161.2433,-92.5267,-173.4733,-1.44383,-2.46703,-1.84432,122.831,0,1
2,1,1,0.026,40.000,0.000,0.000,206.5375,-171.5194,17.4266,269.0360,180.2850,17.4317,-198.9317,-1.42796,-2.51282,-1.81319,122.102,0,1
2,1,2,0.24,40.000,0.000,0.000,205.8599,-170.0208,13.1265,267.3157,180.6433,19.9317,-196.0317,-1.46032,-2.50305,-1.82967,122.267,0,1
2,1,3,0.46,40.000,0.000,0.000,211.4994,-165.9440,8.9227,268.9777,187.5767,20.3900,-191.6983,-1.52869,-2.60623,-1.94017,122.706,0,1
2,1,4,0.656,40.000,0.000,0.000,213.2883,-165.9005,20.7773,271.0103,190.2850,14.4317,-192.4317,-1.18498,-2.42430,-1.69780,122.178,0,1
2,1,5,0.866,40.000,0.000,0.000,214.9521,-164.0696,9.0750,270.5654,193.8517,16.1817,-188.0567,-1.23626,-2.36569,-1.62882,121.392,0,1
2,1,6,1.076,40.000,0.000,0.000,220.3229,-161.0496,6.2944,272.9813,196.6850,17.4733,-188.4900,-1.53663,-2.60867,-1.96581,122.996,0,1
2,1,7,1.3,40.000,0.000,0.000,216.8883,-158.7391,1.2017,268.7752,196.1600,15.3733,-183.0983,-1.37057,-2.41331,-1.69231,121.373,0,1
2,1,8,1.498,40.000,0.000,0.000,219.4716,-153.2680,7.0841,267.7854,196.2433,11.3483,-181.8483,-1.41758,-2.47131,-1.81563,122.509,0,1
2,1,9,1.705,40.000,0.000,0.000,215.5739,-156.6692,5.6913,266.5515,195.0183,14.3483,-181.1400,-1.29731,-2.41575,-1.68926,121.635,0,1
2,1,10,1.915,40.000,0.000,0.000,214.9601,-157.6448,15.7343,267.0343,192.7017,11.9567,-184.4733,-1.23321,-2.44200,-1.72222,122.192,0,1
0,2,1,0.005,-40.000,-40.000,0.000,125.3191,0.6073,168.3404,209.8661,37.9517,-163.1517,-126.4317,-1.67338,-2.67643,-2.08669,123.468,0,1
0,2,2,0.214,-40.000,-40.000,0.000,117.4003,0.5344,171.4888,207.8257,31.7267,-163.2350,-124.6567,-1.59707,-2.64225,-2.02869,123.308,0,1
0,2,3,0.425,-40.000,-40.000,0.000,117.0528,1.7324,170.0383,206.4398,31.0183,-162.6683,-123.2650,-1.62332,-2.64713,-2.04151,123.323,0,1
0,2,4,0.62,-40.000,-40.000,0.000,117.6343,3.3486,175.7687,211.5270,28.4767,-166.8600,-126.8483,-1.69719,-2.72955,-2.14469,123.714,0,1
0,2,5,0.815,-40.000,-40.000,0.000,114.5615,-0.7261,180.3303,213.6443,28.1600,-168.7100,-128.0150,-1.51038,-2.60440,-1.96215,123.094,0,1
0,2,6,1.024,-40.000,-40.000,0.000,114.2739,-2.6105,185.6326,218.0019,25.0350,-172.6100,-130.7817,-1.46398,-2.52259,-1.86386,122.580,0,1
0,2,7,1.25,-40.000,-40.000,0.000,117.2686,4.9134,187.4784,221.1881,25.7683,-175.7350,-131.8233,-1.62759,-2.70330,-2.12393,123.944,0,1
0,2,8,1.449,-40.000,-40.000,0.000,116.6314,-1.8596,189.2924,222.3465,26.1850,-176.9433,-132.0733,-1.42063,-2.47070,-1.81197,122.447,0,1
0,2,9,1.656,-40.000,-40.000,0.000,118.7756,2.6828,190.2704,224.3160,25.4100,-179.0433,-132.7233,-1.55311,-2.59585,-1.97314,123.116,0,1
0,2,10,1.865,-40.000,-40.000,0.000,120.5626,-1.3080,192.2379,226.9195,25.8933,-180.5850,-134.9483,-1.48535,-2.50061,-1.84615,122.405,0,1
1,2,1,0.027,0.000,-40.000,0.000,169.8005,-172.9210,286.4924,375.2489,26.8933,-154.7600,-340.7900,-1.67094,-2.69475,-2.10989,123.641,4,1
1,2,2,0.237,0.000,-40.000,0.000,162.4030,-169.1180,289.8446,372.8076,23.7600,-156.5933,-337.4900,-1.61233,-2.70208,-2.11661,123.928,4,1
1,2,3,0.447,0.000,-40.000,0.000,165.2240,-176.3882,282.2187,371.5631,30.0600,-154.6933,-336.4900,-1.52198,-2.60256,-1.95177,122.918,4,1
1,2,4,0.642,0.000,-40.000,0.000,172.1223,-174.7325,279.9414,372.1890,35.8933,-155.4600,-336.2567,-1.55067,-2.61661,-1.97497,122.997,4,1
1,2,5,0.839,0.000,-40.000,0.000,170.1661,-171.5745,283.0600,372.1791,34.9600,-154.9267,-336.5900,-1.55128,-2.63980,-2.04029,123.678,4,1
1,2,6,1.034,0.000,-40.000,0.000,180.5988,-171.5891,280.1695,374.9049,43.1600,-155.7267,-338.2900,-1.61722,-2.69353,-2.09280,123.669,4,1
1,2,7,1.242,0.000,-40.000,0.000,181.5833,-171.9911,276.2431,372.6442,44.6600,-154.9267,-335.9567,-1.59768,-2.64957,-2.03602,123.347,4,1
1,2,8,1.452,0.000,-40.000,0.000,181.1367,-177.9467,271.3573,371.6320,49.5933,-156.4600,-333.4233,-1.40965,-2.44872,-1.77717,122.169,4,1
1,2,9,1.662,0.000,-40.000,0.000,176.7406,-179.4097,270.9227,369.8976,48.1600,-155.5600,-332.1233,-1.36569,-2.42979,-1.74054,121.983,4,1
1,2,10,1.859,0.000,-40.000,0.000,185.3736,-171.5982,268.7753,368.8488,50.8933,-153.3933,-331.5567,-1.56899,-2.60684,-1.97558,122.996,4,1
2,2,1,0.014,40.000,-40.000,0.000,143.7841,-314.1834,195.2967,396.8953,53.0600,-7.7267,-393.2567,-1.37485,-2.53541,-1.83272,122.433,4,1
2,2,2,0.239,40.000,-40.000,0.000,154.5481,-314.1388,200.3302,403.3615,56.1267,-3.3600,-399.4233,-1.57204,-2.68926,-2.07570,123.678,4,1
2,2,3,0.433,40.000,-40.000,0.000,151.1921,-321.9301,198.9802,407.5428,55.6600,-0.7600,-403.7233,-1.47497,-2.60134,-1.96093,123.254,4,1
2,2,4,0.628,40.000,-40.000,0.000,156.4821,-319.2153,202.6180,409.1933,54.9267,-0.1933,-405.4900,-1.62882,-2.71490,-2.12454,123.863,4,1
2,2,5,0.824,40.000,-40.000,0.000,155.9866,-321.7427,200.5453,409.9617,52.7267,0.4067,-406.5567,-1.61600,-2.63187,-2.03724,123.411,4,1
2,2,6,1.019,40.000,-40.000,0.000,151.7444,-322.4112,203.7688,410.4839,49.7600,0.2400,-407.4567,-1.59219,-2.65446,-2.05372,123.564,4,1
2,2,7,1.227,40.000,-40.000,0.000,150.8707,-328.4925,200.1995,413.2180,49.0933,1.0400,-410.2900,-1.54884,-2.57082,-1.93407,122.798,4,1
2,2,8,1.424,40.000,-40.000,0.000,154.0249,-324.3937,206.4659,414.2259,49.4933,1.2067,-411.2567,-1.63797,-2.68498,-2.10501,123.794,4,1
2,2,9,1.618,40.000,-40.000,0.000,151.7854,-322.3528,205.7044,411.4176,48.9933,0.0733,-408.4900,-1.60806,-2.67521,-2.08303,123.717,4,1
2,2,10,1.827,40.000,-40.000,0.000,151.2392,-320.9042,207.7056,411.0893,46.1267,-1.6267,-408.4900,-1.65263,-2.70391,-2.11233,123.686,4,1
