magnet,cell_i,cell_j,sample,t_s,x_mm,y_mm,z_mm,Bx_uT,By_uT,Bz_uT,Babs_uT,Bbx_uT,Bby_uT,Bbz_uT,ax_g,ay_g,az_g,tilt_deg,gain_idx,qmc
m1,0,0,1,0.03,-40.000,40.000,0.000,92.2563,-285.3922,280.7794,410.8491,-45.3200,-49.0933,-405.3800,-1.83089,-2.80098,-2.24847,123.898,4,1
m1,0,0,2,0.253,-40.000,40.000,0.000,95.2864,-283.7281,281.0259,410.5566,-41.6867,-49.8600,-405.3800,-1.80525,-2.77717,-2.24786,124.162,4,1
m1,0,0,3,0.463,-40.000,40.000,0.000,91.2201,-287.8159,279.8515,411.6746,-46.1867,-46.5933,-406.4133,-1.83150,-2.79365,-2.24176,123.865,4,1
m1,0,0,4,0.673,-40.000,40.000,0.000,92.5888,-288.5675,279.5179,412.2792,-43.4867,-46.0933,-407.3800,-1.81685,-2.80037,-2.25214,124.007,4,1
m1,0,0,5,0.883,-40.000,40.000,0.000,89.7762,-286.8330,284.4701,413.8311,-48.8867,-48.0600,-408.1133,-1.82112,-2.78327,-2.25519,124.138,4,1
m1,0,0,6,1.078,-40.000,40.000,0.000,93.0234,-287.3764,282.1828,413.3591,-44.8200,-49.3600,-407.9467,-1.83150,-2.81380,-2.25641,123.904,4,1
m1,0,0,7,1.274,-40.000,40.000,0.000,93.1560,-285.6038,283.9069,413.3409,-43.7200,-50.7267,-407.8800,-1.80525,-2.80830,-2.26557,124.162,4,1
m1,0,0,8,1.483,-40.000,40.000,0.000,96.6224,-284.0400,283.2287,412.5931,-42.8867,-53.0600,-406.9133,-1.82967,-2.79060,-2.24115,123.886,4,1
m1,0,0,9,1.693,-40.000,40.000,0.000,95.4528,-283.6307,286.6862,414.4232,-44.2200,-54.9267,-408.3800,-1.82173,-2.80525,-2.25885,124.032,4,1
m1,0,0,10,1.903,-40.000,40.000,0.000,96.2273,-284.4629,285.7236,414.5079,-43.7200,-54.2267,-408.6133,-1.80708,-2.76984,-2.22711,123.957,4,1
m1,1,0,1,0.018,0.000,40.000,0.000,21.1986,-328.5700,122.7731,351.3985,-36.1867,113.0400,-330.7467,-1.80525,-2.79915,-2.25153,124.058,4,1
m1,1,0,2,0.24,0.000,40.000,0.000,21.3009,-328.4700,120.6626,350.5792,-35.4533,114.7067,-329.3800,-1.82234,-2.80586,-2.26007,124.040,4,1
m1,1,0,3,0.436,0.000,40.000,0.000,18.6593,-330.2904,122.4311,352.7453,-38.4867,115.4733,-331.0800,-1.81746,-2.80586,-2.25946,124.053,4,1
m1,1,0,4,0.659,0.000,40.000,0.000,21.2176,-331.6269,126.5920,355.6011,-38.3200,113.5067,-334.8133,-1.81380,-2.78022,-2.25153,124.147,4,1
m1,1,0,5,0.854,0.000,40.000,0.000,22.6860,-331.9581,125.2140,355.5129,-36.2867,113.4067,-334.9800,-1.82479,-2.80769,-2.26374,124.060,4,1
m1,1,0,6,1.067,0.000,40.000,0.000,23.6625,-331.9114,125.7462,355.7207,-35.8533,113.5067,-335.2133,-1.81685,-2.77900,-2.25153,124.142,4,1
m1,1,0,7,1.274,0.000,40.000,0.000,23.3373,-333.7198,125.2480,357.2123,-35.7867,113.6733,-336.7467,-1.81746,-2.79670,-2.24664,123.963,4,1
m1,1,0,8,1.47,0.000,40.000,0.000,25.1038,-334.9025,125.2168,358.4260,-34.1533,113.8400,-338.1467,-1.81563,-2.79609,-2.24664,123.975,4,1
m1,1,0,9,1.666,0.000,40.000,0.000,24.9885,-334.3962,126.4903,358.3924,-34.8867,114.0067,-337.9800,-1.81380,-2.78144,-2.25275,124.154,4,1
m1,1,0,10,1.889,0.000,40.000,0.000,27.0090,-332.8301,124.0495,356.2214,-32.1867,114.0067,-335.9467,-1.82357,-2.78510,-2.25519,124.115,4,1
m1,2,0,1,0.028,40.000,40.000,0.000,-33.3184,-182.0490,-29.6425,187.4317,-16.3700,146.5567,-115.6883,-1.81990,-2.80403,-2.26068,124.070,0,1
m1,2,0,2,0.223,40.000,40.000,0.000,-32.9136,-182.0128,-28.9559,187.2176,-16.1617,146.2400,-115.7717,-1.82845,-2.78510,-2.25641,124.108,0,1
m1,2,0,3,0.421,40.000,40.000,0.000,-33.1301,-181.6389,-31.5099,187.3050,-15.3700,147.3650,-114.5883,-1.81319,-2.79853,-2.24969,124.006,0,1
m1,2,0,4,0.616,40.000,40.000,0.000,-32.4697,-181.8071,-31.5112,187.3528,-14.7200,147.2650,-114.8800,-1.81685,-2.79426,-2.24664,123.982,0,1
m1,2,0,5,0.84,40.000,40.000,0.000,-33.5754,-178.2573,-32.0222,184.1967,-15.3283,146.2400,-110.9383,-1.83150,-2.78510,-2.25641,124.095,0,1
m1,2,0,6,1.035,40.000,40.000,0.000,-34.0306,-177.8204,-33.8425,184.1833,-15.1783,146.9733,-109.9633,-1.80708,-2.79609,-2.25092,124.063,0,1
m1,2,0,7,1.243,40.000,40.000,0.000,-33.8723,-177.3262,-33.6652,183.6444,-14.9283,146.4483,-109.7967,-1.82906,-2.80281,-2.25275,123.945,0,1
m1,2,0,8,1.441,40.000,40.000,0.000,-33.4580,-179.0520,-33.2275,185.1570,-14.9700,147.0567,-111.5050,-1.80647,-2.80037,-2.25214,124.051,0,1
m1,2,0,9,1.649,40.000,40.000,0.000,-32.9976,-179.4503,-32.9415,185.4087,-14.5117,146.9317,-112.1467,-1.82357,-2.80037,-2.24969,123.949,0,1
m1,2,0,10,1.859,40.000,40.000,0.000,-33.4712,-180.0405,-33.0486,186.0836,-14.8033,147.5317,-112.4383,-1.82906,-2.79670,-2.24542,123.899,0,1
m1,0,1,1,0.02,-40.000,0.000,0.000,-124.7697,-124.8247,242.3090,299.7705,-221.2450,-45.2350,-197.1467,-1.82601,-2.78327,-2.25153,124.074,0,1
m1,0,1,2,0.219,-40.000,0.000,0.000,-124.1631,-126.6321,243.6302,301.3434,-221.0783,-46.1517,-199.5050,-1.82540,-2.79976,-2.24908,123.938,0,1
m1,0,1,3,0.428,-40.000,0.000,0.000,-125.5092,-127.8131,245.1471,303.6212,-222.9117,-45.7517,-201.0050,-1.82845,-2.80342,-2.25885,124.015,0,1
m1,0,1,4,0.638,-40.000,0.000,0.000,-127.0761,-127.8500,244.6609,303.8963,-223.9950,-45.3183,-200.3133,-1.83455,-2.82112,-2.26435,123.936,0,1
m1,0,1,5,0.843,-40.000,0.000,0.000,-126.3740,-128.0096,244.9870,303.9334,-223.1200,-45.7100,-201.2550,-1.81929,-2.81013,-2.26496,124.082,0,1
m1,0,1,6,1.056,-40.000,0.000,0.000,-125.6088,-126.8872,246.3556,304.2516,-223.3700,-46.7767,-201.2133,-1.81441,-2.78327,-2.25519,124.168,0,1
m1,0,1,7,1.252,-40.000,0.000,0.000,-126.0104,-126.5610,246.0763,304.0556,-223.5367,-47.2100,-200.6300,-1.82845,-2.81319,-2.26801,124.058,0,1
m1,0,1,8,1.463,-40.000,0.000,0.000,-128.3157,-126.4500,243.9712,303.2762,-223.9533,-45.6683,-199.3383,-1.80647,-2.80830,-2.26618,124.164,0,1
m1,0,1,9,1.659,-40.000,0.000,0.000,-127.9996,-126.7708,245.2560,304.3111,-224.7617,-46.3183,-199.8550,-1.81319,-2.80098,-2.25092,124.004,0,1
m1,0,1,10,1.853,-40.000,0.000,0.000,-128.3860,-128.6138,245.6232,305.5408,-225.2200,-45.3183,-201.4383,-1.80952,-2.79731,-2.24847,124.015,0,1
m1,1,1,1,0.024,0.000,0.000,0.000,-140.4731,-183.0976,129.9267,264.8365,-183.8283,73.3650,-175.9633,-1.80403,-2.80098,-2.25275,124.065,0,1
m1,1,1,2,0.233,0.000,0.000,0.000,-138.3924,-183.5707,132.3018,265.2441,-183.4117,72.1567,-177.5050,-1.83394,-2.80098,-2.25031,123.907,0,1
m1,1,1,3,0.431,0.000,0.000,0.000,-139.7468,-186.5984,133.1834,268.4883,-184.7200,73.3650,-180.5050,-1.81380,-2.80464,-2.25885,124.070,0,1
m1,1,1,4,0.653,0.000,0.000,0.000,-140.5469,-188.7255,134.2680,270.9218,-186.1617,74.6400,-182.1300,-1.82662,-2.79731,-2.24786,123.934,0,1
m1,1,1,5,0.85,0.000,0.000,0.000,-141.4159,-190.3490,133.4695,272.1127,-186.2867,76.0567,-183.1883,-1.81380,-2.81013,-2.26557,124.113,0,1
m1,1,1,6,1.052,0.000,0.000,0.000,-142.0367,-191.2464,134.4533,273.5458,-187.3867,76.2817,-184.1050,-1.81746,-2.80464,-2.25763,124.040,0,1
m1,1,1,7,1.254,0.000,0.000,0.000,-142.3728,-192.4218,136.1444,275.3752,-188.4700,75.8483,-185.8967,-1.81624,-2.80220,-2.25153,123.990,0,1
m1,1,1,8,1.45,0.000,0.000,0.000,-141.2507,-193.0918,137.5985,275.9884,-188.1367,76.2817,-186.9633,-1.81380,-2.78022,-2.26801,124.342,0,1
m1,1,1,9,1.658,0.000,0.000,0.000,-141.5040,-190.9620,135.3703,273.5233,-187.4283,76.0983,-184.1050,-1.81502,-2.78144,-2.25275,124.148,0,1
m1,1,1,10,1.855,0.000,0.000,0.000,-141.1889,-193.5616,136.5750,275.7773,-187.5950,76.1983,-187.2300,-1.82540,-2.81319,-2.26984,124.092,0,1
m1,2,1,1,0.025,40.000,0.000,0.000,-92.2903,-122.5687,9.9877,153.7542,-86.7450,102.6817,-74.6467,-1.81563,-2.76923,-2.23382,124.003,0,1
m1,2,1,2,0.232,40.000,0.000,0.000,-97.3241,-125.1535,9.5047,158.8261,-91.0950,106.0733,-75.3383,-1.82051,-2.79853,-2.24664,123.938,0,1
m1,2,1,3,0.442,40.000,0.000,0.000,-96.5405,-124.1336,8.0288,157.4601,-89.6200,106.6817,-73.3550,-1.83089,-2.78510,-2.25397,124.069,0,1
m1,2,1,4,0.638,40.000,0.000,0.000,-97.3719,-124.6348,7.6542,158.3468,-90.2200,107.2400,-73.7133,-1.82418,-2.78816,-2.24054,123.919,0,1
m1,2,1,5,0.848,40.000,0.000,0.000,-96.7096,-124.5307,6.5927,157.8103,-89.2033,107.5733,-73.3133,-1.82112,-2.79365,-2.24481,123.946,0,1
m1,2,1,6,1.057,40.000,0.000,0.000,-97.2442,-124.8274,6.4526,158.3665,-89.6200,108.0150,-73.3550,-1.82540,-2.80159,-2.24969,123.933,0,1
m1,2,1,7,1.254,40.000,0.000,0.000,-98.3287,-123.4232,5.6155,157.9030,-90.3450,107.9067,-71.6050,-1.80952,-2.79976,-2.25153,124.035,0,1
m1,2,1,8,1.462,40.000,0.000,0.000,-97.4034,-122.5456,5.0321,156.6211,-89.0367,108.0567,-70.1883,-1.82906,-2.78388,-2.25397,124.085,0,1
m1,2,1,9,1.659,40.000,0.000,0.000,-97.2759,-122.7554,4.5409,156.6912,-88.9117,107.9733,-70.6300,-1.81563,-2.80464,-2.26129,124.091,0,1
m1,2,1,10,1.882,40.000,0.000,0.000,-97.7341,-123.9439,5.2884,157.9304,-89.4950,108.5150,-71.8133,-1.82357,-2.79243,-2.24298,123.922,0,1
m1,0,2,1,0.019,-40.000,-40.000,0.000,-110.3195,-22.2022,109.6758,157.1372,-148.1367,-22.9433,-47.1300,-1.83028,-2.78510,-2.25397,124.071,0,1
m1,0,2,2,0.214,-40.000,-40.000,0.000,-110.7469,-22.7150,109.8811,157.6537,-148.5117,-22.9433,-47.6717,-1.80891,-2.77106,-2.23382,124.020,0,1
m1,0,2,3,0.412,-40.000,-40.000,0.000,-111.6860,-23.1913,110.1331,158.5589,-149.4117,-22.6933,-47.9800,-1.82906,-2.81319,-2.26007,123.962,0,1
m1,0,2,4,0.623,-40.000,-40.000,0.000,-111.7822,-23.4797,110.3776,158.8389,-149.6617,-22.2933,-48.3133,-1.81868,-2.77900,-2.25397,124.163,0,1
m1,0,2,5,0.831,-40.000,-40.000,0.000,-111.0920,-23.6702,110.3543,158.3659,-148.9700,-22.7767,-48.6717,-1.81868,-2.79853,-2.24908,123.975,0,1
m1,0,2,6,1.04,-40.000,-40.000,0.000,-110.8348,-23.9261,110.9378,158.6316,-149.2033,-22.6517,-48.8800,-1.83394,-2.79426,-2.24420,123.879,0,1
m1,0,2,7,1.235,-40.000,-40.000,0.000,-110.7784,-23.9587,110.9426,158.6006,-149.1367,-22.6933,-48.9633,-1.83639,-2.80037,-2.24969,123.893,0,1
m1,0,2,8,1.445,-40.000,-40.000,0.000,-111.2659,-23.8627,111.4723,159.2972,-149.7033,-23.0267,-49.3383,-1.82295,-2.78694,-2.25580,124.113,0,1
m1,0,2,9,1.654,-40.000,-40.000,0.000,-110.6258,-23.6393,109.7821,157.6356,-148.2617,-22.6517,-48.5217,-1.81685,-2.80098,-2.25031,123.981,0,1
m1,0,2,10,1.864,-40.000,-40.000,0.000,-110.0366,-23.3688,111.1711,158.1555,-148.7617,-22.8183,-48.6050,-1.84432,-2.77595,-2.25214,124.049,0,1
m1,1,2,1,0.009,0.000,-40.000,0.000,-110.2361,-49.6420,63.0512,136.3517,-126.8283,26.1817,-42.6717,-1.80769,-2.77717,-2.24664,124.137,0,1
m1,1,2,2,0.23,0.000,-40.000,0.000,-110.6141,-51.1746,63.5705,137.4610,-127.4283,27.1650,-43.8133,-1.83028,-2.79121,-2.23871,123.850,0,1
m1,1,2,3,0.425,0.000,-40.000,0.000,-110.0280,-51.8768,63.0529,137.0147,-126.6617,27.6400,-44.3383,-1.82540,-2.79243,-2.24298,123.914,0,1
m1,1,2,4,0.634,0.000,-40.000,0.000,-108.9162,-53.5337,60.9585,135.8107,-124.7200,29.7483,-44.7717,-1.82967,-2.79853,-2.24908,123.927,0,1
m1,1,2,5,0.834,0.000,-40.000,0.000,-108.9371,-53.8250,61.3356,136.1120,-124.9283,30.1233,-44.8550,-1.84493,-2.79182,-2.25214,123.941,0,1
m1,1,2,6,1.054,0.000,-40.000,0.000,-108.7841,-52.4807,60.4457,135.0625,-124.3867,29.9567,-43.2717,-1.84127,-2.77961,-2.25092,124.024,0,1
m1,1,2,7,1.25,0.000,-40.000,0.000,-109.4118,-52.7812,60.3962,135.6631,-124.8867,29.4567,-44.0467,-1.81868,-2.81013,-2.26313,124.063,0,1
m1,1,2,8,1.445,0.000,-40.000,0.000,-110.1537,-52.8525,59.8713,136.0580,-125.3033,29.9150,-43.7717,-1.80586,-2.80586,-2.26190,124.132,0,1
m1,1,2,9,1.655,0.000,-40.000,0.000,-108.9968,-52.2778,60.2548,135.0700,-124.4700,29.5817,-43.3133,-1.82173,-2.78205,-2.25214,124.108,0,1
m1,1,2,10,1.865,0.000,-40.000,0.000,-110.0586,-51.8200,59.3916,135.3720,-125.0117,29.7900,-42.5467,-1.81929,-2.81074,-2.26618,124.092,0,1
m1,2,2,1,0.026,40.000,-40.000,0.000,-72.1691,-45.9448,12.7392,86.4962,-70.0950,45.4483,-22.4217,-1.82540,-2.79548,-2.24603,123.930,0,1
m1,2,2,2,0.233,40.000,-40.000,0.000,-72.9108,-46.7606,13.0066,87.5883,-70.8283,46.0983,-23.0217,-1.85043,-2.82418,-2.25641,123.754,0,1
m1,2,2,3,0.442,40.000,-40.000,0.000,-73.0303,-46.5963,12.6384,87.5463,-70.9117,45.9733,-22.8550,-1.81807,-2.81624,-2.25946,123.982,0,1
m1,2,2,4,0.636,40.000,-40.000,0.000,-73.8300,-46.5925,12.8145,88.2380,-71.6200,46.3483,-22.5467,-1.82112,-2.79365,-2.24176,123.910,0,1
m1,2,2,5,0.845,40.000,-40.000,0.000,-72.4909,-46.0262,13.4398,86.9136,-70.7033,45.1983,-22.6300,-1.81990,-2.78022,-2.25031,124.106,0,1
m1,2,2,6,1.04,40.000,-40.000,0.000,-73.9085,-46.7670,12.8781,88.4051,-71.7450,46.4733,-22.5467,-1.81380,-2.78083,-2.25153,124.143,0,1
m1,2,2,7,1.237,40.000,-40.000,0.000,-73.4111,-46.0016,12.1712,87.4842,-71.0367,46.0567,-22.0467,-1.81685,-2.81441,-2.25458,123.942,0,1
m1,2,2,8,1.46,40.000,-40.000,0.000,-73.6931,-46.9126,12.3054,88.2207,-71.2867,46.9067,-22.3800,-1.81502,-2.78022,-2.25153,124.142,0,1
m1,2,2,9,1.657,40.000,-40.000,0.000,-73.7654,-46.4144,11.5873,87.9199,-71.1617,46.7400,-21.9383,-1.80403,-2.80952,-2.26496,124.152,0,1
m1,2,2,10,1.865,40.000,-40.000,0.000,-75.0001,-46.7933,12.7545,89.3157,-72.5950,47.0317,-22.2550,-1.82967,-2.79426,-2.24237,123.876,0,1
m3,0,0,1,0.006,-40.000,40.000,0.000,76.7664,11.4420,180.1735,196.1797,-11.4617,-160.5700,-112.1267,-1.68437,-2.65995,-2.09890,123.690,0,1
m3,0,0,2,0.227,-40.000,40.000,0.000,76.5951,12.5609,177.7760,193.9817,-12.0700,-159.3200,-110.0017,-1.73871,-2.68987,-2.12759,123.595,0,1
m3,0,0,3,0.437,-40.000,40.000,0.000,75.8058,13.8260,175.6841,191.8400,-11.3367,-157.9450,-108.2933,-1.74542,-2.70879,-2.16056,123.841,0,1
m3,0,0,4,0.647,-40.000,40.000,0.000,77.0281,13.4132,177.5278,193.9829,-11.9450,-159.9200,-109.1433,-1.74725,-2.69231,-2.12515,123.510,0,1
m3,0,0,5,0.858,-40.000,40.000,0.000,76.0729,12.3567,175.4150,191.5991,-11.2117,-157.0450,-109.1850,-1.74725,-2.70574,-2.15324,123.764,0,1
m3,0,0,6,1.067,-40.000,40.000,0.000,77.6265,10.4611,175.0009,191.7306,-10.5867,-157.7783,-108.4183,-1.70024,-2.63248,-2.02930,122.925,0,1
m3,0,0,7,1.277,-40.000,40.000,0.000,75.0972,7.0590,176.6257,192.0574,-11.1283,-157.1283,-109.8767,-1.61172,-2.59524,-1.96093,122.696,0,1
m3,0,0,8,1.487,-40.000,40.000,0.000,73.2976,6.7455,172.1674,187.2423,-8.2950,-153.4033,-107.0433,-1.55250,-2.58852,-1.94872,122.847,0,1
m3,0,0,9,1.684,-40.000,40.000,0.000,72.7201,9.7386,170.7444,185.8405,-8.9617,-153.0033,-105.1017,-1.60806,-2.63492,-2.02137,123.218,0,1
m3,0,0,10,1.909,-40.000,40.000,0.000,74.6500,9.8264,172.4184,188.1417,-9.7367,-154.7783,-106.5183,-1.63126,-2.60806,-2.00366,123.078,0,1
m3,1,0,1,0.004,0.000,40.000,0.000,122.0555,-132.3302,295.0483,345.6333,-20.4033,-167.5033,-301.6433,-1.69658,-2.70940,-2.14774,123.895,4,1
m3,1,0,2,0.216,0.000,40.000,0.000,124.7495,-133.8092,292.5861,345.0710,-19.9033,-167.6033,-300.9767,-1.70940,-2.67949,-2.09585,123.402,4,1
m3,1,0,3,0.423,0.000,40.000,0.000,124.1296,-130.3668,294.2066,344.9075,-20.5700,-168.7367,-300.1100,-1.73443,-2.71795,-2.15446,123.751,4,1
m3,1,0,4,0.633,0.000,40.000,0.000,127.5966,-126.8733,289.6870,341.0224,-16.1700,-168.7367,-295.9100,-1.73504,-2.70208,-2.14469,123.738,4,1
m3,1,0,5,0.83,0.000,40.000,0.000,125.7377,-123.6528,289.9730,339.3882,-17.1033,-168.9033,-293.8767,-1.77534,-2.77289,-2.22283,124.024,4,1
m3,1,0,6,1.026,0.000,40.000,0.000,130.8434,-124.0668,288.3853,340.1156,-14.3033,-170.5033,-293.9433,-1.80403,-2.77289,-2.20330,123.665,4,1
m3,1,0,7,1.234,0.000,40.000,0.000,128.7179,-128.1190,287.1977,339.8019,-15.4700,-167.5033,-295.2433,-1.74664,-2.69658,-2.12637,123.498,4,1
m3,1,0,8,1.43,0.000,40.000,0.000,127.8182,-125.9825,290.0918,341.1192,-15.4033,-169.4700,-295.6433,-1.73748,-2.72039,-2.16239,123.818,4,1
m3,1,0,9,1.625,0.000,40.000,0.000,126.6291,-125.5882,287.4732,338.3018,-15.9367,-166.2367,-294.2100,-1.77961,-2.76313,-2.21490,123.977,4,1
m3,1,0,10,1.833,0.000,40.000,0.000,128.3457,-123.6927,287.8610,338.5801,-15.4033,-168.6033,-293.2100,-1.77656,-2.74298,-2.19353,123.870,4,1
m3,2,0,1,0.008,40.000,40.000,0.000,108.9292,-300.0790,258.8644,411.0033,-17.3367,-33.4033,-409.2767,-1.71551,-2.71368,-2.14957,123.804,4,1
m3,2,0,2,0.204,40.000,40.000,0.000,113.0280,-305.5967,254.9166,413.6993,-12.9700,-30.4033,-412.3767,-1.73565,-2.72894,-2.14225,123.520,4,1
m3,2,0,3,0.411,40.000,40.000,0.000,112.6016,-310.7952,256.6101,418.4752,-14.0700,-28.8367,-417.2433,-1.70208,-2.68010,-2.09768,123.453,4,1
m3,2,0,4,0.608,40.000,40.000,0.000,112.5936,-311.0185,257.1207,418.9521,-14.3033,-25.8367,-417.9100,-1.73504,-2.71551,-2.15934,123.826,4,1
m3,2,0,5,0.83,40.000,40.000,0.000,109.4033,-313.9914,255.8570,419.5504,-17.7700,-24.7367,-418.4433,-1.71245,-2.66606,-2.09096,123.420,4,1
m3,2,0,6,1.041,40.000,40.000,0.000,111.6013,-312.4134,257.3795,419.8823,-16.1033,-26.9033,-418.7100,-1.72589,-2.69292,-2.11905,123.525,4,1
m3,2,0,7,1.237,40.000,40.000,0.000,116.0176,-310.4564,253.9834,417.5533,-9.5700,-25.8367,-416.6433,-1.72100,-2.70330,-2.14286,123.770,4,1
m3,2,0,8,1.446,40.000,40.000,0.000,116.5220,-311.3176,256.4136,419.8142,-11.5033,-28.1700,-418.7100,-1.72894,-2.68987,-2.12149,123.563,4,1
m3,2,0,9,1.642,40.000,40.000,0.000,116.1438,-309.8556,261.5019,421.7619,-13.4700,-30.9367,-420.4100,-1.74176,-2.71734,-2.15995,123.791,4,1
m3,2,0,10,1.853,40.000,40.000,0.000,114.8405,-310.3725,258.9493,420.2073,-14.5700,-30.0700,-418.8767,-1.73016,-2.68254,-2.11416,123.517,4,1
m3,0,1,1,0.009,-40.000,0.000,0.000,-18.8318,18.8185,152.6293,154.9338,-82.3367,-115.1117,-63.0433,-1.53297,-2.58730,-1.94628,122.910,0,1
m3,0,1,2,0.221,-40.000,0.000,0.000,-19.2241,19.1730,154.9108,157.2721,-83.2367,-116.6533,-64.7933,-1.55861,-2.64042,-2.01221,123.276,0,1
m3,0,1,3,0.428,-40.000,0.000,0.000,-17.3764,17.9922,157.3951,159.3703,-85.0867,-117.5700,-65.8517,-1.58669,-2.57753,-1.93712,122.619,0,1
m3,0,1,4,0.638,-40.000,0.000,0.000,-18.7781,20.1987,157.2417,159.6420,-85.4867,-117.6950,-65.7683,-1.62576,-2.64957,-2.05617,123.482,0,1
m3,0,1,5,0.851,-40.000,0.000,0.000,-16.1253,21.9441,156.4399,158.7923,-84.5867,-117.7367,-64.7933,-1.72589,-2.70147,-2.12759,123.572,0,1
m3,0,1,6,1.059,-40.000,0.000,0.000,-16.8006,22.4825,158.4464,160.9130,-85.9867,-118.8783,-66.0850,-1.74176,-2.71795,-2.16850,123.891,0,1
m3,0,1,7,1.269,-40.000,0.000,0.000,-16.1954,23.9862,157.1624,159.8050,-85.4033,-118.6283,-64.5850,-1.78816,-2.75458,-2.21429,123.990,0,1
m3,0,1,8,1.481,-40.000,0.000,0.000,-16.3281,24.9228,155.2661,158.0991,-84.2533,-117.9033,-63.2100,-1.79426,-2.78022,-2.24603,124.168,0,1
m3,0,1,9,1.688,-40.000,0.000,0.000,-15.4541,24.8721,156.1254,158.8477,-84.1700,-118.9200,-63.2933,-1.77350,-2.74237,-2.19414,123.895,0,1
m3,0,1,10,1.887,-40.000,0.000,0.000,-15.4419,25.4132,157.1250,159.9142,-84.3367,-119.7950,-64.1017,-1.79915,-2.78571,-2.25031,124.160,0,1
m3,1,1,1,0.014,0.000,0.000,0.000,-53.6878,-54.9415,258.9714,270.1243,-164.6533,-126.4867,-172.7933,-1.80342,-2.77839,-2.24420,124.119,0,1
m3,1,1,2,0.224,0.000,0.000,0.000,-52.7414,-57.0736,257.5523,269.0209,-163.7117,-125.7533,-172.5017,-1.76984,-2.72894,-2.16300,123.624,0,1
m3,1,1,3,0.419,0.000,0.000,0.000,-54.4396,-55.5796,256.9779,268.4966,-163.9867,-125.5283,-171.5850,-1.76618,-2.74603,-2.19658,123.932,0,1
m3,1,1,4,0.616,0.000,0.000,0.000,-54.1471,-55.9101,258.0769,269.5580,-164.5700,-125.6117,-172.6267,-1.79365,-2.77228,-2.22711,123.999,0,1
m3,1,1,5,0.824,0.000,0.000,0.000,-53.2034,-56.1244,257.3137,268.6836,-164.1533,-124.9450,-172.1433,-1.79243,-2.74664,-2.20269,123.885,0,1
m3,1,1,6,1.034,0.000,0.000,0.000,-52.9631,-56.4534,258.6106,269.9473,-164.3617,-125.8367,-173.2683,-1.81624,-2.78877,-2.23626,123.899,0,1
m3,1,1,7,1.244,0.000,0.000,0.000,-51.4062,-56.0648,259.5501,270.4665,-164.6117,-126.3367,-173.4767,-1.83944,-2.78144,-2.23565,123.839,0,1
m3,1,1,8,1.469,0.000,0.000,0.000,-51.0816,-57.7853,260.8225,271.9869,-164.2783,-127.2117,-175.5183,-1.81074,-2.76557,-2.20818,123.743,0,1
m3,1,1,9,1.681,0.000,0.000,0.000,-53.1897,-56.8563,260.2941,271.6888,-164.8200,-126.9867,-174.7100,-1.78755,-2.76129,-2.21429,123.947,0,1
m3,1,1,10,1.876,0.000,0.000,0.000,-53.2577,-56.3822,261.0020,272.2818,-165.3783,-127.5867,-174.6683,-1.79853,-2.77167,-2.22405,123.945,0,1
m3,2,1,1,0.014,40.000,0.000,0.000,-111.2651,-165.7045,238.1514,310.7314,-207.4617,-23.4033,-230.1433,-1.83944,-2.81868,-2.23748,123.615,0,1
m3,2,1,2,0.223,40.000,0.000,0.000,-109.8548,-166.7564,243.4456,314.8675,-208.1283,-25.8617,-234.8517,-1.79976,-2.76313,-2.22344,123.990,0,1
m3,2,1,3,0.422,40.000,0.000,0.000,-109.0727,-168.6972,244.2205,316.2266,-207.4200,-25.4617,-237.3350,-1.80220,-2.77839,-2.24237,124.102,0,1
m3,2,1,4,0.617,40.000,0.000,0.000,-112.6955,-168.3062,243.3144,316.5899,-210.2950,-24.1533,-235.4183,-1.79792,-2.77350,-2.23077,124.016,0,1
m3,2,1,5,0.838,40.000,0.000,0.000,-112.2040,-168.3520,243.7828,316.7999,-210.0867,-25.0450,-235.7933,-1.78388,-2.75519,-2.20757,123.924,0,1
m3,2,1,6,1.035,40.000,0.000,0.000,-113.3708,-168.9049,244.5788,318.1205,-211.4450,-24.6950,-236.3933,-1.79182,-2.76740,-2.22100,123.967,0,1
m3,2,1,7,1.231,40.000,0.000,0.000,-116.3451,-168.3174,242.9234,317.6141,-213.1700,-23.1533,-234.3100,-1.80159,-2.79121,-2.23810,123.968,0,1
m3,2,1,8,1.438,40.000,0.000,0.000,-115.9200,-169.0442,245.7173,319.9849,-214.1117,-23.7950,-236.6017,-1.80037,-2.77778,-2.24542,124.150,0,1
m3,2,1,9,1.651,40.000,0.000,0.000,-117.3938,-171.2610,243.8704,320.2880,-214.9033,-21.9033,-236.4767,-1.80281,-2.78388,-2.21917,123.787,0,1
m3,2,1,10,1.858,40.000,0.000,0.000,-119.3131,-168.4310,245.9024,321.0493,-217.7533,-23.2367,-234.7683,-1.80464,-2.76862,-2.22527,123.954,0,1
m3,0,2,1,0.018,-40.000,-40.000,0.000,-36.5455,16.9564,85.1227,94.1752,-71.0450,-57.1533,-23.5600,-1.74542,-2.70574,-2.13858,123.592,0,1
m3,0,2,2,0.212,-40.000,-40.000,0.000,-40.6047,14.9693,84.1037,94.5847,-73.8783,-54.1950,-23.4767,-1.70024,-2.68193,-2.10317,123.517,0,1
m3,0,2,3,0.408,-40.000,-40.000,0.000,-41.6601,15.7180,84.0799,95.1422,-74.6283,-54.4867,-22.6683,-1.68071,-2.67521,-2.09280,123.521,0,1
m3,0,2,4,0.604,-40.000,-40.000,0.000,-40.6926,15.3937,83.6887,94.3221,-73.7950,-54.1950,-22.6683,-1.67888,-2.65324,-2.06471,123.329,0,1
m3,0,2,5,0.813,-40.000,-40.000,0.000,-41.0513,15.7800,82.5325,93.5192,-73.2367,-53.8617,-21.9350,-1.66484,-2.67399,-2.08181,123.461,0,1
m3,0,2,6,1.02,-40.000,-40.000,0.000,-40.3216,14.7426,82.4503,92.9583,-72.6117,-53.3783,-22.7933,-1.65995,-2.66056,-2.06654,123.384,0,1
m3,0,2,7,1.235,-40.000,-40.000,0.000,-37.3462,16.5906,83.0508,92.5604,-70.3617,-55.7367,-22.5850,-1.69719,-2.69353,-2.10989,123.534,0,1
m3,0,2,8,1.441,-40.000,-40.000,0.000,-37.7699,16.0633,84.7353,94.1523,-71.7950,-56.1700,-23.5600,-1.70391,-2.67033,-2.08974,123.413,0,1
m3,0,2,9,1.653,-40.000,-40.000,0.000,-37.9077,16.6570,83.9207,93.5796,-71.4617,-55.8617,-23.0183,-1.72344,-2.69841,-2.13858,123.740,0,1
m3,0,2,10,1.862,-40.000,-40.000,0.000,-37.8086,16.4948,84.4359,93.9734,-71.7533,-56.0450,-23.2683,-1.72161,-2.68132,-2.11905,123.625,0,1
m3,1,2,1,0.018,0.000,-40.000,0.000,-66.9113,-8.9993,110.0582,129.1159,-109.3617,-47.5450,-49.5017,-1.77717,-2.74725,-2.19475,123.853,0,1
m3,1,2,2,0.216,0.000,-40.000,0.000,-69.3081,-9.1920,110.5214,130.7788,-111.3783,-47.1283,-49.7683,-1.78755,-2.78816,-2.24603,124.143,0,1
m3,1,2,3,0.411,0.000,-40.000,0.000,-68.8568,-10.4702,110.4850,130.6056,-111.2117,-46.2533,-50.5017,-1.79182,-2.77411,-2.22405,123.958,0,1
m3,1,2,4,0.624,0.000,-40.000,0.000,-68.2584,-6.8328,109.5385,129.2463,-110.3783,-47.9450,-47.1433,-1.78632,-2.75397,-2.20513,123.892,0,1
m3,1,2,5,0.829,0.000,-40.000,0.000,-69.3330,-6.4388,110.3833,130.5106,-111.8200,-48.0700,-47.1017,-1.81868,-2.78388,-2.24847,124.065,0,1
m3,1,2,6,1.039,0.000,-40.000,0.000,-69.8440,-6.7511,111.1373,131.4354,-112.5700,-48.4033,-47.5433,-1.79182,-2.75336,-2.21184,123.953,0,1
m3,1,2,7,1.236,0.000,-40.000,0.000,-70.6078,-6.6410,110.9750,131.7005,-113.0033,-48.2367,-47.4183,-1.80098,-2.78144,-2.24237,124.087,0,1
m3,1,2,8,1.431,0.000,-40.000,0.000,-70.4347,-5.8886,110.2666,130.9749,-112.6950,-48.1950,-46.1683,-1.78999,-2.75397,-2.20696,123.898,0,1
m3,1,2,9,1.639,0.000,-40.000,0.000,-70.7571,-6.6374,110.9250,131.7383,-113.4200,-48.2783,-46.4767,-1.74847,-2.69414,-2.12210,123.454,0,1
m3,1,2,10,1.834,0.000,-40.000,0.000,-72.0924,-4.0579,108.9466,130.7024,-113.2117,-48.1950,-44.0850,-1.78449,-2.77717,-2.23993,124.159,0,1
m3,2,2,1,0.023,40.000,-40.000,0.000,-105.0622,-47.8682,96.8548,150.6993,-137.5033,-0.3783,-61.6683,-1.79060,-2.75519,-2.21001,123.924,0,1
m3,2,2,2,0.234,40.000,-40.000,0.000,-105.2633,-47.3082,96.2299,150.2618,-137.2950,-0.6117,-61.0600,-1.77900,-2.75946,-2.20635,123.901,0,1
m3,2,2,3,0.43,40.000,-40.000,0.000,-105.1900,-48.4522,98.0665,151.7550,-138.2367,-1.1117,-62.6017,-1.76435,-2.71978,-2.14652,123.509,0,1
m3,2,2,4,0.641,40.000,-40.000,0.000,-106.1201,-47.7479,98.0610,152.1752,-138.9033,-1.1700,-62.1433,-1.78877,-2.76801,-2.21978,123.962,0,1
m3,2,2,5,0.835,40.000,-40.000,0.000,-105.6414,-48.0851,98.3441,152.1310,-138.6117,-1.1117,-62.6850,-1.80159,-2.77961,-2.24298,124.104,0,1
m3,2,2,6,1.047,40.000,-40.000,0.000,-104.8765,-47.3590,98.4146,151.4180,-138.1533,-1.4200,-61.9600,-1.81990,-2.77656,-2.23687,123.972,0,1
m3,2,2,7,1.283,40.000,-40.000,0.000,-105.7848,-48.1905,98.6730,152.4766,-139.0867,-0.8200,-62.4767,-1.81074,-2.76435,-2.22100,123.905,0,1
m3,2,2,8,1.479,40.000,-40.000,0.000,-105.7254,-47.4998,97.7408,151.6158,-138.4867,-0.8200,-61.7100,-1.80769,-2.77595,-2.24115,124.080,0,1
m3,2,2,9,1.692,40.000,-40.000,0.000,-105.6904,-46.6076,97.9389,151.4423,-138.6533,-1.4200,-60.8933,-1.80159,-2.75458,-2.21001,123.879,0,1
m3,2,2,10,1.886,40.000,-40.000,0.000,-106.7925,-47.3400,99.0289,153.1419,-139.8783,-1.9867,-62.3100,-1.78694,-2.77411,-2.22772,124.023,0,1
m4,0,0,1,0.013,-40.000,40.000,0.000,201.2083,-163.0088,113.2397,282.6302,186.1183,-14.0550,-212.2317,-0.17338,-1.15446,-0.84432,125.876,0,1
m4,0,0,2,0.21,-40.000,40.000,0.000,228.4965,-166.2156,1.7151,282.5619,186.3933,-14.6800,-211.8567,-2.80159,-3.30708,-2.27534,117.698,0,1
m4,0,0,3,0.405,-40.000,40.000,0.000,229.3765,-164.0762,19.8526,282.7167,186.2683,-14.4300,-212.1900,-1.96703,-2.65568,-1.90293,119.934,0,1
m4,0,0,4,0.613,-40.000,40.000,0.000,221.6528,-163.5117,62.5268,282.4458,185.6600,-14.5133,-212.3567,-0.70085,-1.51648,-1.09768,123.307,0,1
m4,0,0,5,0.809,-40.000,40.000,0.000,230.4691,-164.0119,-7.7185,282.9761,187.1433,-14.6800,-211.7483,-3.38828,-3.57570,-2.54457,117.319,0,1
m4,0,0,6,1.006,-40.000,40.000,0.000,233.3538,-158.4266,22.2520,282.9278,186.9767,-19.7883,-211.4150,-1.88584,-2.46276,-1.81563,120.342,0,1
m4,0,0,7,1.201,-40.000,40.000,0.000,185.0256,-157.9797,143.6589,282.5419,185.4100,-21.1217,-212.1483,0.00488,-1.46459,-1.08364,126.497,0,1
m4,0,0,8,1.411,-40.000,40.000,0.000,231.3052,-157.2976,42.6628,282.9572,185.5350,-22.2050,-212.4817,-1.36142,-2.10134,-1.56166,121.952,0,1
m4,0,0,9,1.605,-40.000,40.000,0.000,234.0595,-159.2349,0.5237,283.0899,186.4350,-22.3300,-211.8567,-2.64103,-2.84188,-2.03541,117.683,0,1
m4,0,0,10,1.813,-40.000,40.000,0.000,163.1936,-155.0654,171.3673,282.9208,185.9933,-22.2883,-212.0233,0.22833,-1.25824,-0.95971,126.887,0,1
m4,1,0,1,0.03,0.000,40.000,0.000,95.2975,-206.2973,-76.9591,239.9227,122.0767,118.9200,-168.8733,-2.98901,-2.47131,-1.92735,116.425,0,1
m4,1,0,2,0.225,0.000,40.000,0.000,125.7747,-214.7120,-5.2221,248.8931,125.7850,125.1700,-174.5233,-0.22955,-2.26007,-1.70147,126.833,0,1
m4,1,0,3,0.423,0.000,40.000,0.000,121.4669,-213.1320,-30.2768,247.1763,125.0767,125.1700,-172.5817,-0.84371,-2.28449,-1.74298,125.592,0,1
m4,1,0,4,0.645,0.000,40.000,0.000,111.6541,-212.1479,-60.4467,247.2391,126.8933,124.9200,-171.5233,-1.51160,-2.05372,-1.56044,121.464,0,1
m4,1,0,5,0.841,0.000,40.000,0.000,119.3008,-209.4729,37.4755,243.9590,125.0350,123.8950,-168.9150,0.84493,-2.27045,-1.69597,124.995,0,1
m4,1,0,6,1.037,0.000,40.000,0.000,124.2801,-213.4187,20.6386,247.8286,125.8933,125.8117,-172.4567,0.37424,-2.32845,-1.77900,127.029,0,1
m4,1,0,7,1.245,0.000,40.000,0.000,103.5015,-211.2332,-69.5290,245.2882,124.5600,124.3117,-170.8733,-2.25092,-2.41331,-1.85592,119.353,0,1
m4,1,0,8,1.441,0.000,40.000,0.000,125.1693,-210.9133,15.7427,245.7633,125.8933,123.2950,-171.3150,0.14286,-1.85531,-1.44689,127.867,0,1
m4,1,0,9,1.637,0.000,40.000,0.000,112.8715,-212.7853,56.7629,247.4663,126.2683,124.5450,-172.5817,0.95177,-1.64896,-1.24115,123.100,0,1
m4,1,0,10,1.845,0.000,40.000,0.000,102.5879,-213.4590,-75.2582,248.5012,127.0600,125.1283,-173.0650,-2.24481,-2.17582,-1.67827,118.228,0,1
m4,2,0,1,0.025,40.000,40.000,0.000,49.0832,-122.1578,-67.7767,148.0721,60.3933,119.5200,-63.1900,-0.51832,-2.28877,-1.71001,126.080,0,1
m4,2,0,2,0.231,40.000,40.000,0.000,17.8718,-118.7352,-85.8082,147.5821,65.2850,117.8367,-60.2733,-2.06349,-2.24603,-1.67338,118.751,0,1
m4,2,0,3,0.436,40.000,40.000,0.000,87.0985,-120.1619,-28.9198,151.1998,65.7683,122.2950,-59.8317,1.17949,-1.97192,-1.42674,121.837,0,1
m4,2,0,4,0.647,40.000,40.000,0.000,0.9395,-122.0951,-90.4868,151.9735,65.3683,123.5033,-59.7483,-3.06471,-2.39072,-1.80464,114.905,0,1
m4,2,0,5,0.844,40.000,40.000,0.000,78.1110,-121.1890,-50.1120,152.6411,66.4350,123.4617,-60.3567,0.56471,-2.23016,-1.60928,124.974,0,1
m4,2,0,6,1.052,40.000,40.000,0.000,39.4279,-123.5270,-82.1697,153.5100,66.8100,124.0200,-60.9983,-1.15629,-2.33822,-1.77228,124.193,0,1
m4,2,0,7,1.262,40.000,40.000,0.000,23.0299,-124.0274,-89.0187,154.3940,66.8267,124.9200,-61.3733,-1.86874,-2.38278,-1.78571,120.528,0,1
m4,2,0,8,1.473,40.000,40.000,0.000,86.1489,-120.9234,-40.1144,153.7962,67.1600,124.7117,-59.9150,0.95849,-2.14286,-1.51526,122.842,0,1
m4,2,0,9,1.682,40.000,40.000,0.000,50.4920,-122.1026,-78.3818,153.6300,67.6183,124.4783,-59.4567,-0.71306,-2.34432,-1.74969,125.529,0,1
m4,2,0,10,1.891,40.000,40.000,0.000,46.6358,-120.2479,-81.3384,152.4808,66.6017,123.9367,-58.7733,-0.76923,-2.25763,-1.63248,124.390,0,1
m4,0,1,1,0.029,-40.000,0.000,0.000,65.4690,-308.1398,255.2715,405.4625,-51.6900,-20.3300,-401.6400,-1.52381,-2.52625,-1.90965,122.914,4,1
m4,0,1,2,0.233,-40.000,0.000,0.000,70.3294,-278.6221,240.9677,375.0226,-41.5900,-26.3967,-371.7733,-1.56044,-2.55800,-1.96703,123.284,4,1
m4,0,1,3,0.441,-40.000,0.000,0.000,62.5076,-306.3290,257.8615,405.2619,-56.9233,-21.3967,-400.6733,-1.54884,-2.52869,-1.91758,122.889,4,1
m4,0,1,4,0.637,-40.000,0.000,0.000,69.1890,-300.4619,256.5636,401.1102,-50.4567,-24.4300,-397.1733,-1.57753,-2.56349,-1.96337,123.116,4,1
m4,0,1,5,0.848,-40.000,0.000,0.000,72.2708,-305.0729,253.8866,403.4240,-43.6233,-23.9967,-400.3400,-1.48596,-2.49756,-1.88523,122.971,4,1
m4,0,1,6,1.057,-40.000,0.000,0.000,75.8627,-304.3769,259.3370,407.0088,-45.9567,-24.3300,-403.6733,-1.60928,-2.59829,-2.01038,123.336,4,1
m4,0,1,7,1.265,-40.000,0.000,0.000,80.0981,-297.7627,261.5251,404.3188,-43.5567,-30.0633,-400.8400,-1.62149,-2.60073,-2.02564,123.462,4,1
m4,0,1,8,1.49,-40.000,0.000,0.000,79.0412,-297.7114,269.6259,409.3626,-47.5233,-34.3633,-405.1400,-1.64652,-2.64835,-2.07509,123.641,4,1
m4,0,1,9,1.685,-40.000,0.000,0.000,85.9485,-302.3890,272.3985,415.9654,-46.6900,-31.4300,-412.1400,-1.74176,-2.68010,-2.14103,123.816,4,1
m4,0,1,10,1.898,-40.000,0.000,0.000,80.1080,-300.3937,269.7962,411.6353,-47.0900,-30.3300,-407.8067,-1.68376,-2.68254,-2.13187,123.945,4,1
m4,1,1,1,0.009,0.000,0.000,0.000,21.0247,-330.2537,77.9651,339.9825,-15.1900,141.7700,-308.6400,-1.64286,-2.65568,-2.08791,123.767,4,1
m4,1,1,2,0.205,0.000,0.000,0.000,24.9699,-335.5680,79.8450,345.8390,-13.2233,143.6700,-314.3067,-1.69231,-2.66484,-2.11172,123.780,4,1
m4,1,1,3,0.399,0.000,0.000,0.000,23.2903,-334.3567,80.2736,344.6457,-14.7567,144.9367,-312.3400,-1.72100,-2.71123,-2.17338,124.090,4,1
m4,1,1,4,0.608,0.000,0.000,0.000,24.3307,-332.6650,80.3486,343.0945,-14.0567,143.9033,-311.1400,-1.74847,-2.73504,-2.19841,124.107,4,1
m4,1,1,5,0.816,0.000,0.000,0.000,24.3562,-331.3145,80.1915,341.7502,-14.8567,144.5033,-309.3400,-1.82357,-2.76801,-2.24298,124.085,4,1
m4,1,1,6,1.026,0.000,0.000,0.000,4.0217,-331.8212,78.7438,341.0602,-16.5233,146.1700,-307.7067,-0.91941,-2.68193,-2.13248,126.949,4,1
m4,1,1,7,1.238,0.000,0.000,0.000,19.6678,-335.0086,75.3096,343.9319,-16.1900,148.2033,-309.9400,-1.69475,-2.64896,-2.09646,123.690,4,1
m4,1,1,8,1.434,0.000,0.000,0.000,21.7802,-339.4056,76.4273,348.5852,-14.5567,149.3367,-314.6400,-1.69292,-2.66728,-2.11050,123.745,4,1
m4,1,1,9,1.629,0.000,0.000,0.000,20.5000,-338.8971,75.5132,347.8128,-14.8567,150.2367,-313.3400,-1.67949,-2.68315,-2.12576,123.884,4,1
m4,1,1,10,1.836,0.000,0.000,0.000,24.1798,-343.1145,77.6936,352.6309,-13.4567,150.1700,-318.7733,-1.70879,-2.65079,-2.10012,123.659,4,1
m4,2,1,1,0.015,40.000,0.000,0.000,-40.4586,-182.4921,-40.5521,191.2714,-17.4150,156.7283,-108.2483,-1.78938,-2.71245,-2.17460,123.791,0,1
m4,2,1,2,0.225,40.000,0.000,0.000,-41.0826,-181.9576,-41.0829,191.0083,-18.2483,156.8117,-107.5233,-1.73810,-2.69780,-2.16117,123.957,0,1
m4,2,1,3,0.435,40.000,0.000,0.000,-41.9835,-183.4303,-40.6158,192.5069,-18.6900,157.6700,-108.8567,-1.79304,-2.71673,-2.16789,123.664,0,1
m4,2,1,4,0.633,40.000,0.000,0.000,-41.5330,-183.9461,-40.6518,192.9086,-18.7317,157.7117,-109.4983,-1.76496,-2.73016,-2.17766,123.816,0,1
m4,2,1,5,0.84,40.000,0.000,0.000,-42.5856,-183.3090,-40.8692,192.5773,-19.1900,157.7533,-108.7733,-1.75824,-2.67766,-2.12821,123.599,0,1
m4,2,1,6,1.035,40.000,0.000,0.000,-41.6924,-182.9519,-41.2323,192.1192,-18.1233,157.8533,-107.9983,-1.78938,-2.70513,-2.16484,123.722,0,1
m4,2,1,7,1.233,40.000,0.000,0.000,-40.0929,-180.9067,-41.5973,189.9079,-16.8567,156.0450,-106.9150,-1.77167,-2.71978,-2.17094,123.775,0,1
m4,2,1,8,1.456,40.000,0.000,0.000,-40.6601,-181.3118,-42.7916,190.6786,-16.8567,156.9367,-106.9817,-1.72894,-2.66606,-2.11233,123.614,0,1
m4,2,1,9,1.651,40.000,0.000,0.000,-40.5692,-181.9182,-42.9250,191.2659,-16.5650,157.8950,-106.6650,-1.76740,-2.69780,-2.15751,123.781,0,1
m4,2,1,10,1.86,40.000,0.000,0.000,-41.5518,-182.1262,-45.4423,192.2538,-16.8150,158.7950,-107.0650,-1.66361,-2.61905,-2.04579,123.399,0,1
m4,0,2,1,0.006,-40.000,-40.000,0.000,-102.1228,-171.3258,225.2793,300.8860,-191.6650,-21.0800,-230.9817,-1.58425,-2.54212,-1.92735,122.759,0,1
m4,0,2,2,0.214,-40.000,-40.000,0.000,-108.0404,-171.3173,228.1552,305.0855,-197.0650,-21.8467,-231.8733,-1.56838,-2.56166,-1.94872,122.975,0,1
m4,0,2,3,0.437,-40.000,-40.000,0.000,-111.5817,-171.8187,224.5894,303.9943,-198.4567,-20.0967,-229.3983,-1.52503,-2.51770,-1.87912,122.553,0,1
m4,0,2,4,0.634,-40.000,-40.000,0.000,-111.3199,-169.2523,228.3997,305.2947,-200.3983,-21.8883,-229.2733,-1.58425,-2.57631,-1.95910,122.933,0,1
m4,0,2,5,0.842,-40.000,-40.000,0.000,-115.0551,-171.2206,227.7429,307.2801,-203.0650,-21.5967,-229.6067,-1.52747,-2.51893,-1.87668,122.499,0,1
m4,0,2,6,1.039,-40.000,-40.000,0.000,-114.2591,-167.7644,232.0049,308.2634,-204.1233,-23.3467,-229.8150,-1.61844,-2.63980,-2.03480,123.311,0,1
m4,0,2,7,1.261,-40.000,-40.000,0.000,-111.4885,-165.1754,231.2053,305.2352,-202.7317,-22.8300,-227.0400,-1.65018,-2.62088,-2.03907,123.360,0,1
m4,0,2,8,1.472,-40.000,-40.000,0.000,-111.5840,-163.5891,231.4196,304.5774,-202.3150,-24.0800,-226.3983,-1.65385,-2.64774,-2.06838,123.527,0,1
m4,0,2,9,1.681,-40.000,-40.000,0.000,-107.3781,-163.5756,233.6846,304.7877,-201.9983,-23.3467,-227.0400,-1.73199,-2.65629,-2.10134,123.531,0,1
m4,0,2,10,1.895,-40.000,-40.000,0.000,-108.4282,-161.4838,231.6727,302.4995,-200.7317,-24.4133,-224.9817,-1.69536,-2.65568,-2.09585,123.632,0,1
m4,1,2,1,0.005,0.000,-40.000,0.000,-83.8185,-199.0101,96.6597,236.5875,-117.8317,80.3367,-188.7733,-1.57509,-2.55922,-1.93651,122.798,0,1
m4,1,2,2,0.218,0.000,-40.000,0.000,-106.7811,-205.8883,105.0544,254.6147,-141.8983,86.3783,-192.9567,-1.56532,-2.57265,-1.95543,122.997,0,1
m4,1,2,3,0.425,0.000,-40.000,0.000,-114.5034,-207.3171,102.2402,257.9621,-147.9400,91.0450,-190.7067,-1.55617,-2.52625,-1.88278,122.397,0,1
m4,1,2,4,0.635,0.000,-40.000,0.000,-116.0861,-207.7811,104.4391,259.9164,-149.9400,91.3533,-191.6483,-1.56410,-2.57692,-1.96581,123.110,0,1
m4,1,2,5,0.845,0.000,-40.000,0.000,-113.2476,-199.8981,104.2593,252.2980,-147.6483,86.8533,-185.2317,-1.60317,-2.58730,-1.97863,123.027,0,1
m4,1,2,6,1.042,0.000,-40.000,0.000,-112.9963,-201.4059,105.0592,253.7123,-147.5650,89.0033,-186.2067,-1.64408,-2.65812,-2.08852,123.752,0,1
m4,1,2,7,1.268,0.000,-40.000,0.000,-116.5081,-202.1059,106.2649,256.3458,-151.4150,90.4200,-186.0400,-1.65751,-2.65263,-2.08852,123.731,0,1
m4,1,2,8,1.462,0.000,-40.000,0.000,-116.2948,-201.3121,108.0337,256.3636,-152.6900,91.3950,-184.5400,-1.74908,-2.68254,-2.13431,123.682,0,1
m4,1,2,9,1.685,0.000,-40.000,0.000,-121.2655,-203.4638,106.8094,259.8289,-156.0650,93.8783,-185.3150,-1.71062,-2.70391,-2.15140,123.917,0,1
m4,1,2,10,1.882,0.000,-40.000,0.000,-120.0202,-202.5955,109.6270,259.7457,-156.4150,93.1450,-185.2733,-1.79487,-2.78327,-2.25458,124.246,0,1
m4,2,2,1,0.011,40.000,-40.000,0.000,-84.7082,-127.9651,0.4537,153.4625,-75.9150,109.4367,-76.2317,-1.76496,-2.74237,-2.20269,124.036,0,1
m4,2,2,2,0.206,40.000,-40.000,0.000,-79.1389,-131.8279,-0.6215,153.7594,-70.2900,111.2533,-79.5233,-1.81685,-2.78144,-2.25397,124.155,0,1
m4,2,2,3,0.419,40.000,-40.000,0.000,-82.5467,-130.2498,3.7374,154.2496,-75.0817,108.6700,-79.6650,-1.81685,-2.74176,-2.21368,123.942,0,1
m4,2,2,4,0.627,40.000,-40.000,0.000,-85.6743,-131.0803,0.6457,156.5968,-76.7733,111.7117,-78.4150,-1.75458,-2.71062,-2.17582,123.974,0,1
m4,2,2,5,0.837,40.000,-40.000,0.000,-87.4145,-130.5456,1.0612,157.1133,-78.0817,112.7117,-76.7067,-1.84554,-2.76435,-2.23871,123.962,0,1
m4,2,2,6,1.033,40.000,-40.000,0.000,-87.8707,-130.5699,-1.4943,157.3912,-77.9567,113.6450,-76.0233,-1.76190,-2.74542,-2.21978,124.234,0,1
m4,2,2,7,1.256,40.000,-40.000,0.000,-88.6227,-131.2281,-0.2296,158.3504,-78.4983,114.6283,-75.9817,-1.84554,-2.75214,-2.23321,123.978,0,1
m4,2,2,8,1.454,40.000,-40.000,0.000,-88.7991,-129.8763,-1.4223,157.3377,-78.2900,114.1700,-74.7733,-1.81441,-2.74176,-2.21123,123.923,0,1
m4,2,2,9,1.648,40.000,-40.000,0.000,-89.6412,-129.9626,-2.4407,157.8980,-78.6650,114.7117,-74.7317,-1.78694,-2.72589,-2.17521,123.718,0,1
m4,2,2,10,1.856,40.000,-40.000,0.000,-89.4257,-128.4277,-3.3633,156.5309,-77.9983,114.0617,-73.5400,-1.73993,-2.65568,-2.09951,123.476,0,1
m7,0,0,1,0.005,-40.000,40.000,0.000,102.8183,-49.6875,-53.5701,126.1356,115.9350,31.5817,-38.3650,-1.82662,-2.77411,-2.22283,123.792,0,1
m7,0,0,2,0.226,-40.000,40.000,0.000,103.3352,-49.4145,-54.2410,126.7361,116.7017,31.6650,-37.9483,-1.85104,-2.80891,-2.25092,123.787,0,1
m7,0,0,3,0.422,-40.000,40.000,0.000,104.1346,-49.4165,-53.0517,126.8877,116.8683,31.4567,-38.1150,-1.80159,-2.78327,-2.24664,124.123,0,1
m7,0,0,4,0.618,-40.000,40.000,0.000,103.6336,-49.2359,-53.2148,126.4750,116.4933,31.7067,-37.6817,-1.79609,-2.78266,-2.24420,124.122,0,1
m7,0,0,5,0.826,-40.000,40.000,0.000,103.1035,-48.6382,-53.2019,125.8032,116.0183,31.0150,-37.4733,-1.80403,-2.76740,-2.22283,123.936,0,1
m7,0,0,6,1.022,-40.000,40.000,0.000,104.3292,-48.6710,-52.9429,126.7138,116.9933,30.8067,-37.6817,-1.79853,-2.77534,-2.24054,124.117,0,1
m7,0,0,7,1.23,-40.000,40.000,0.000,104.9777,-47.8374,-54.2058,127.4637,118.1433,30.5983,-36.7817,-1.79060,-2.75397,-2.20879,123.917,0,1
m7,0,0,8,1.425,-40.000,40.000,0.000,104.0975,-46.6003,-54.7849,126.5277,117.6183,30.5983,-35.1983,-1.78327,-2.75214,-2.20269,123.888,0,1
m7,0,0,9,1.621,-40.000,40.000,0.000,103.9718,-45.3534,-54.5879,125.8845,117.4100,30.2483,-33.8650,-1.79060,-2.77656,-2.24725,124.223,0,1
m7,0,0,10,1.831,-40.000,40.000,0.000,107.0606,-45.0789,-55.3510,128.6772,120.5183,29.0150,-34.5150,-1.78755,-2.75336,-2.21001,123.949,0,1
m7,1,0,1,0.01,0.000,40.000,0.000,53.8054,-58.2144,-63.2092,101.3871,76.2267,61.7817,-25.5317,-1.68742,-2.68987,-2.10928,123.595,0,1
m7,1,0,2,0.206,0.000,40.000,0.000,50.1339,-60.5287,-64.8972,101.9253,73.7683,65.3900,-25.9067,-1.66239,-2.64591,-2.05006,123.267,0,1
m7,1,0,3,0.412,0.000,40.000,0.000,60.7491,-61.3474,-64.1309,107.5487,82.7433,62.1400,-29.3067,-1.66606,-2.68559,-2.09768,123.574,0,1
m7,1,0,4,0.622,0.000,40.000,0.000,59.5818,-56.6273,-62.4889,103.2546,81.0600,58.2233,-26.4733,-1.65934,-2.66056,-2.06716,123.395,0,1
m7,1,0,5,0.832,0.000,40.000,0.000,56.0177,-62.1261,-63.6732,105.1280,78.3100,63.8483,-29.0317,-1.66239,-2.67949,-2.08547,123.479,0,1
m7,1,0,6,1.045,0.000,40.000,0.000,53.6285,-60.7368,-65.4720,104.1708,77.0350,64.8650,-26.6400,-1.65324,-2.65690,-2.05250,123.261,0,1
m7,1,0,7,1.256,0.000,40.000,0.000,56.6470,-61.3580,-66.8751,106.9859,80.1183,65.7233,-26.5983,-1.64469,-2.68254,-2.08791,123.566,0,1
m7,1,0,8,1.462,0.000,40.000,0.000,55.2114,-59.8904,-68.1748,106.2212,79.5183,65.8650,-24.9317,-1.63187,-2.65201,-2.03663,123.187,0,1
m7,1,0,9,1.659,0.000,40.000,0.000,56.4191,-58.9062,-67.0571,105.5922,79.9100,64.5317,-24.4900,-1.63309,-2.68254,-2.08120,123.532,0,1
m7,1,0,10,1.856,0.000,40.000,0.000,56.8122,-58.5415,-68.3873,106.4498,80.8267,65.0983,-23.6817,-1.61600,-2.66117,-2.05617,123.442,0,1
m7,2,0,1,0.02,40.000,40.000,0.000,3.3140,-53.7037,-54.0047,76.2337,26.7683,70.0150,-13.8900,-1.63126,-2.63431,-2.02686,123.191,0,1
m7,2,0,2,0.217,40.000,40.000,0.000,7.8000,-53.1734,-56.6629,78.0957,31.8933,70.2233,-12.2650,-1.68620,-2.70574,-2.13919,123.861,0,1
m7,2,0,3,0.412,40.000,40.000,0.000,13.1547,-50.5854,-57.7876,77.9188,37.4767,67.4067,-11.0983,-1.71551,-2.70757,-2.14774,123.824,0,1
m7,2,0,4,0.62,40.000,40.000,0.000,14.3040,-49.5795,-58.2719,77.8353,39.0183,66.4900,-10.7233,-1.72711,-2.68864,-2.11905,123.549,0,1
m7,2,0,5,0.817,40.000,40.000,0.000,15.7623,-48.7677,-59.2266,78.3232,40.7017,66.1983,-9.7817,-1.75946,-2.74115,-2.17094,123.683,0,1
m7,2,0,6,1.012,40.000,40.000,0.000,15.3041,-48.4026,-59.8122,78.4508,40.4933,66.6400,-8.5983,-1.78266,-2.77289,-2.22405,124.007,0,1
m7,2,0,7,1.22,40.000,40.000,0.000,17.2016,-47.3229,-60.3413,78.5902,41.2017,66.4067,-8.3067,-1.58120,-2.66056,-2.06899,123.763,0,1
m7,2,0,8,1.416,40.000,40.000,0.000,16.9688,-47.4100,-60.5947,78.7868,40.7017,66.9733,-8.0817,-1.53236,-2.63858,-2.04457,123.825,0,1
m7,2,0,9,1.612,40.000,40.000,0.000,13.8146,-48.9123,-60.6688,79.1452,41.1600,67.0567,-8.5567,-2.02869,-2.89011,-2.34676,123.608,0,1
m7,2,0,10,1.821,40.000,40.000,0.000,14.9523,-48.6665,-61.1262,79.5513,41.6850,67.2233,-8.4733,-1.86386,-2.76496,-2.21734,123.623,0,1
m7,0,1,1,0.011,-40.000,0.000,0.000,200.8201,-214.0917,19.2632,294.1684,170.5183,50.1983,-234.3900,-1.79365,-2.76374,-2.22344,124.013,0,1
m7,0,1,2,0.206,-40.000,0.000,0.000,201.6414,-215.4750,19.5863,295.7573,170.8100,49.9483,-236.2233,-1.80708,-2.76801,-2.22222,123.911,0,1
m7,0,1,3,0.404,-40.000,0.000,0.000,206.0680,-214.8744,22.1085,298.5361,174.0183,47.4317,-237.8900,-1.80464,-2.78266,-2.24725,124.121,0,1
m7,0,1,4,0.598,-40.000,0.000,0.000,208.1066,-214.9899,22.0764,300.0273,176.1433,47.2400,-238.2400,-1.79243,-2.78083,-2.24725,124.186,0,1
m7,0,1,5,0.807,-40.000,0.000,0.000,212.2920,-215.3809,21.5834,303.1875,179.7433,45.8233,-239.8233,-1.80952,-2.78632,-2.24969,124.104,0,1
m7,0,1,6,1.002,-40.000,0.000,0.000,211.1596,-215.4060,20.5950,302.3447,179.0600,45.8483,-239.2650,-1.81013,-2.78877,-2.23382,123.896,0,1
m7,0,1,7,1.211,-40.000,0.000,0.000,212.8854,-216.2900,21.1144,304.2160,180.2850,45.5733,-240.7650,-1.80159,-2.76862,-2.22222,123.931,0,1
m7,0,1,8,1.422,-40.000,0.000,0.000,213.1097,-215.0344,21.3939,303.5016,180.2850,45.1150,-239.9483,-1.81380,-2.77656,-2.24176,124.056,0,1
m7,0,1,9,1.631,-40.000,0.000,0.000,214.2316,-216.1693,21.1652,305.0775,181.3517,45.1150,-241.1400,-1.79548,-2.75031,-2.21245,123.964,0,1
m7,0,1,10,1.827,-40.000,0.000,0.000,214.9007,-215.1564,19.9109,304.7475,182.5767,44.5150,-239.9067,-1.78755,-2.74786,-2.19780,123.840,0,1
m7,1,1,1,0.014,0.000,0.000,0.000,88.3801,-151.5598,-47.3218,181.7162,100.2267,96.9317,-116.5317,-1.81074,-2.77900,-2.24298,124.068,0,1
m7,1,1,2,0.224,0.000,0.000,0.000,101.6793,-164.9237,-57.7975,202.1857,116.8267,107.6150,-125.0983,-1.78999,-2.75092,-2.21001,123.955,0,1
m7,1,1,3,0.42,0.000,0.000,0.000,100.2035,-170.7579,-61.0974,207.2001,116.9933,114.5983,-126.9317,-1.81136,-2.78388,-2.25153,124.134,0,1
m7,1,1,4,0.615,0.000,0.000,0.000,100.0913,-173.8975,-62.5321,210.1640,117.5767,117.3483,-128.7400,-1.82784,-2.78449,-2.25397,124.086,0,1
m7,1,1,5,0.809,0.000,0.000,0.000,103.3061,-176.0103,-65.9333,214.4737,121.9517,119.5317,-129.7650,-1.81563,-2.79670,-2.24115,123.906,0,1
m7,1,1,6,1.003,0.000,0.000,0.000,103.9009,-177.2003,-66.4864,215.9069,122.7433,120.5983,-130.4067,-1.79487,-2.75458,-2.21551,123.975,0,1
m7,1,1,7,1.214,0.000,0.000,0.000,105.4467,-177.7326,-66.1486,216.9874,123.9767,120.3900,-131.2233,-1.82295,-2.78755,-2.25275,124.073,0,1
m7,1,1,8,1.423,0.000,0.000,0.000,106.5959,-178.8588,-65.3066,218.2158,124.6183,119.6567,-133.3067,-1.79915,-2.75946,-2.21429,123.908,0,1
m7,1,1,9,1.618,0.000,0.000,0.000,104.4459,-178.6929,-67.5735,217.7298,123.6850,122.1983,-131.0567,-1.78388,-2.75946,-2.21368,123.968,0,1
m7,1,1,10,1.828,0.000,0.000,0.000,106.3284,-180.5644,-70.2309,221.0013,126.6017,124.1983,-131.8650,-1.79792,-2.76435,-2.21429,123.881,0,1
m7,2,1,1,0.011,40.000,0.000,0.000,9.0997,-104.3296,-66.7397,124.1840,38.3683,108.4733,-46.7233,-1.80159,-2.76252,-2.21673,123.906,0,1
m7,2,1,2,0.21,40.000,0.000,0.000,9.3621,-103.8339,-68.7805,124.8995,39.1433,109.6817,-45.1400,-1.77289,-2.76496,-2.21734,124.023,0,1
m7,2,1,3,0.415,40.000,0.000,0.000,15.4929,-100.7052,-71.5912,124.5266,46.3267,106.9317,-43.8900,-1.77228,-2.72772,-2.15324,123.502,0,1
m7,2,1,4,0.611,40.000,0.000,0.000,15.4009,-100.9237,-72.6293,125.2909,46.6183,108.1400,-42.7817,-1.78022,-2.73871,-2.18803,123.816,0,1
m7,2,1,5,0.82,40.000,0.000,0.000,15.3901,-101.8811,-74.4813,127.1380,47.5183,109.8900,-42.7817,-1.75763,-2.70085,-2.14774,123.684,0,1
m7,2,1,6,1.016,40.000,0.000,0.000,16.6267,-102.9352,-75.8269,128.9256,49.0350,110.8650,-43.8900,-1.71306,-2.66850,-2.09158,123.408,0,1
m7,2,1,7,1.226,40.000,0.000,0.000,16.6932,-102.5895,-74.8698,128.0967,48.4933,110.1400,-43.8900,-1.71062,-2.68010,-2.10806,123.545,0,1
m7,2,1,8,1.436,40.000,0.000,0.000,16.4534,-101.2511,-74.5763,126.8232,48.0600,109.2400,-42.9067,-1.71306,-2.69414,-2.11844,123.566,0,1
m7,2,1,9,1.645,40.000,0.000,0.000,15.9541,-101.2668,-74.5235,126.7409,47.7267,109.3233,-42.8233,-1.72283,-2.69292,-2.11966,123.546,0,1
m7,2,1,10,1.857,40.000,0.000,0.000,14.7318,-100.1130,-74.3729,125.5825,46.6600,108.8233,-41.8483,-1.71245,-2.66911,-2.09524,123.453,0,1
m7,0,2,1,0.01,-40.000,-40.000,0.000,114.5787,-332.8189,208.1049,408.9062,9.8933,20.8067,-408.2567,-1.71673,-2.70391,-2.14408,123.799,4,1
m7,0,2,2,0.217,-40.000,-40.000,0.000,121.6957,-329.7611,204.8255,406.8239,15.6267,18.7733,-406.0900,-1.75153,-2.69780,-2.14103,123.649,4,1
m7,0,2,3,0.428,-40.000,-40.000,0.000,122.1273,-328.2066,206.8846,406.7381,16.5933,18.2400,-405.9900,-1.77350,-2.76435,-2.21551,124.002,4,1
m7,0,2,4,0.638,-40.000,-40.000,0.000,121.8657,-329.3693,207.3350,407.8274,14.9600,18.7067,-407.1233,-1.79060,-2.75641,-2.20940,123.908,4,1
m7,0,2,5,0.848,-40.000,-40.000,0.000,123.1714,-328.4466,207.2409,407.4275,16.8267,19.2733,-406.6233,-1.79915,-2.78022,-2.24542,124.139,4,1
m7,0,2,6,1.058,-40.000,-40.000,0.000,121.1353,-329.9595,206.5247,407.6757,14.7267,19.2067,-406.9567,-1.78205,-2.74847,-2.19536,123.830,4,1
m7,0,2,7,1.256,-40.000,-40.000,0.000,116.7785,-330.4820,208.3854,407.7745,10.5600,20.4733,-407.1233,-1.79060,-2.77411,-2.22344,123.956,4,1
m7,0,2,8,1.48,-40.000,-40.000,0.000,116.5239,-332.6060,207.0673,408.7559,9.7267,19.8733,-408.1567,-1.77717,-2.73443,-2.15995,123.517,4,1
m7,0,2,9,1.675,-40.000,-40.000,0.000,118.1462,-332.2921,207.9083,409.3928,11.4933,19.7067,-408.7567,-1.75641,-2.71612,-2.15812,123.712,4,1
m7,0,2,10,1.879,-40.000,-40.000,0.000,117.8259,-334.0212,206.6456,410.0677,12.0933,19.5400,-409.4233,-1.72894,-2.69414,-2.11661,123.472,4,1
m7,1,2,1,0.023,0.000,-40.000,0.000,36.8722,-307.6246,32.2012,311.4954,18.4933,153.8400,-270.2233,-1.69536,-2.65812,-2.07937,123.406,4,1
m7,1,2,2,0.233,0.000,-40.000,0.000,37.6455,-299.8622,29.9234,303.6938,20.4600,150.8400,-262.7900,-1.68803,-2.68254,-2.10440,123.583,4,1
m7,1,2,3,0.429,0.000,-40.000,0.000,37.6612,-292.7583,30.1529,296.7069,20.3933,145.2400,-257.9233,-1.65995,-2.64957,-2.06105,123.393,4,1
m7,1,2,4,0.639,0.000,-40.000,0.000,35.3600,-283.9863,31.3114,287.8871,17.7600,140.5400,-250.6233,-1.68681,-2.67766,-2.09524,123.507,4,1
m7,1,2,5,0.848,0.000,-40.000,0.000,36.0894,-292.5475,34.9957,296.8353,16.6600,144.6733,-258.6567,-1.72100,-2.70085,-2.14286,123.787,4,1
m7,1,2,6,1.058,0.000,-40.000,0.000,37.0916,-300.2401,37.3285,304.8169,16.5600,147.4067,-266.2900,-1.71673,-2.70085,-2.14164,123.791,4,1
m7,1,2,7,1.256,0.000,-40.000,0.000,36.6460,-300.0302,39.3761,304.8139,15.0600,146.4733,-266.8900,-1.74298,-2.71306,-2.15995,123.815,4,1
m7,1,2,8,1.48,0.000,-40.000,0.000,38.9152,-296.3090,39.9084,301.5064,16.8267,142.8400,-264.9900,-1.75580,-2.73138,-2.17216,123.781,4,1
m7,1,2,9,1.689,0.000,-40.000,0.000,39.7839,-296.9868,42.6564,302.6607,16.1267,141.5067,-267.0567,-1.78022,-2.73565,-2.18437,123.793,4,1
m7,1,2,10,1.9,0.000,-40.000,0.000,40.3477,-298.4406,42.5477,304.1464,16.8267,142.8400,-267.9900,-1.78755,-2.76068,-2.21306,123.936,4,1
m7,2,2,1,0.005,40.000,-40.000,0.000,-24.5902,-148.8042,-36.5796,155.1948,-5.5400,126.6150,-89.5733,-1.72894,-2.69719,-2.13370,123.664,0,1
m7,2,2,2,0.2,40.000,-40.000,0.000,-24.2088,-149.7510,-40.6712,157.0528,-3.3567,130.1983,-87.7650,-1.74603,-2.71673,-2.16239,123.806,0,1
m7,2,2,3,0.41,40.000,-40.000,0.000,-25.9967,-154.9244,-41.6468,162.5172,-4.4567,134.9317,-90.4733,-1.77167,-2.74359,-2.19353,123.887,0,1
m7,2,2,4,0.606,40.000,-40.000,0.000,-25.4318,-158.0164,-40.0167,164.9767,-4.7483,135.9900,-93.2817,-1.79548,-2.77839,-2.24420,124.153,0,1
m7,2,2,5,0.801,40.000,-40.000,0.000,-25.7488,-157.1476,-39.4575,164.0587,-5.1233,134.8900,-93.2400,-1.80342,-2.77411,-2.22650,123.937,0,1
m7,2,2,6,1.038,40.000,-40.000,0.000,-26.1232,-157.6785,-39.0669,164.5332,-5.6650,135.1400,-93.6817,-1.80098,-2.77350,-2.22894,123.981,0,1
m7,2,2,7,1.233,40.000,-40.000,0.000,-26.1062,-156.9839,-38.7139,163.7811,-5.7483,134.3650,-93.4733,-1.79426,-2.75641,-2.21062,123.907,0,1
m7,2,2,8,1.445,40.000,-40.000,0.000,-27.0815,-155.0134,-38.4177,161.9830,-6.7317,133.4733,-91.5317,-1.81013,-2.77289,-2.23382,124.003,0,1
m7,2,2,9,1.64,40.000,-40.000,0.000,-26.4510,-154.4321,-38.7738,161.4074,-6.0233,133.3900,-90.6817,-1.81563,-2.77717,-2.25031,124.146,0,1
m7,2,2,10,1.863,40.000,-40.000,0.000,-26.7501,-153.3951,-39.2569,160.5825,-6.0233,133.1150,-89.6150,-1.81990,-2.77839,-2.24786,124.090,0,1
m9,0,0,1,0.005,-40.000,40.000,0.000,64.9226,13.6754,7.9840,66.8259,54.9767,-36.2767,-11.2817,-1.66911,-2.70696,-2.14347,123.980,0,1
m9,0,0,2,0.222,-40.000,40.000,0.000,65.1112,12.7944,8.9304,66.9546,54.8100,-36.7933,-11.1817,-1.46642,-2.45665,-1.80708,122.277,0,1
m9,0,0,3,0.419,-40.000,40.000,0.000,64.9518,13.6971,8.4419,66.9150,54.6850,-36.8767,-11.2817,-1.62027,-2.62576,-2.03785,123.444,0,1
m9,0,0,4,0.627,-40.000,40.000,0.000,65.2087,13.4876,8.5852,67.1401,54.7267,-37.2350,-11.2400,-1.56532,-2.53907,-1.91941,122.761,0,1
m9,0,0,5,0.837,-40.000,40.000,0.000,64.2501,13.3876,8.9528,66.2379,54.1183,-36.6683,-10.6817,-1.50061,-2.51709,-1.88034,122.686,0,1
m9,0,0,6,1.048,-40.000,40.000,0.000,64.2792,8.0352,2.5352,64.8291,56.3267,-29.5017,-12.6400,-1.65690,-2.61538,-2.02076,123.132,0,1
m9,0,0,7,1.257,-40.000,40.000,0.000,65.3569,10.7971,1.6973,66.2645,58.1850,-30.2350,-9.5567,-1.57998,-2.61294,-2.00122,123.240,0,1
m9,0,0,8,1.47,-40.000,40.000,0.000,66.5358,13.3014,8.0279,68.3255,56.1600,-36.9600,-12.1817,-1.68742,-2.69475,-2.12271,123.728,0,1
m9,0,0,9,1.677,-40.000,40.000,0.000,66.7548,11.3363,3.0863,67.7808,58.4767,-32.3350,-11.3650,-1.74054,-2.74908,-2.20085,124.075,0,1
m9,0,0,10,1.887,-40.000,40.000,0.000,67.6920,10.8564,6.9282,68.9062,57.8517,-35.1683,-12.8233,-1.51465,-2.49206,-1.87057,122.677,0,1
m9,1,0,1,0.005,0.000,40.000,0.000,96.4580,-12.4837,-4.7728,97.3795,88.8100,-21.8350,-33.4483,-1.69231,-2.71368,-2.17033,124.162,0,1
m9,1,0,2,0.21,0.000,40.000,0.000,99.5575,-13.1950,-4.8767,100.5464,91.7683,-22.6100,-34.3067,-1.58486,-2.58974,-2.01465,123.566,0,1
m9,1,0,3,0.42,0.000,40.000,0.000,98.5865,-16.7989,-10.2651,100.5329,92.7017,-16.6517,-35.1567,-1.78694,-2.76129,-2.24176,124.278,0,1
m9,1,0,4,0.63,0.000,40.000,0.000,101.4329,-14.3425,-6.3122,102.6361,93.3267,-23.0267,-35.9733,-1.64164,-2.56044,-1.98291,123.102,0,1
m9,1,0,5,0.827,0.000,40.000,0.000,101.1705,-13.3988,-3.7782,102.1239,92.6017,-23.7933,-35.8900,-1.64591,-2.64957,-2.09463,123.883,0,1
m9,1,0,6,1.022,0.000,40.000,0.000,99.6963,-16.3684,-8.6343,101.3993,92.9933,-18.9183,-35.7233,-1.67643,-2.62759,-2.06838,123.569,0,1
m9,1,0,7,1.23,0.000,40.000,0.000,99.5855,-16.3589,-9.3419,101.3517,93.4517,-18.5683,-34.5567,-1.54762,-2.50366,-1.89377,122.757,0,1
m9,1,0,8,1.428,0.000,40.000,0.000,100.9654,-16.3147,-7.6588,102.5614,94.2683,-18.7933,-35.7650,-1.66056,-2.69597,-2.14164,124.073,0,1
m9,1,0,9,1.622,0.000,40.000,0.000,101.2669,-16.4562,-10.0923,103.0905,94.9350,-18.5683,-35.6400,-1.70147,-2.64225,-2.08730,123.591,0,1
m9,1,0,10,1.83,0.000,40.000,0.000,102.4176,-18.5311,-9.5121,104.5143,95.9517,-18.2767,-37.1817,-1.55495,-2.49084,-1.89438,122.828,0,1
m9,2,0,1,0.007,40.000,40.000,0.000,93.2213,-46.5870,-42.0753,112.3872,102.2683,26.5817,-38.2817,-1.40965,-2.43040,-1.79121,122.519,0,1
m9,2,0,2,0.205,40.000,40.000,0.000,93.8385,-48.0482,-43.4751,114.0367,103.4100,28.0817,-39.0150,-1.55861,-2.57387,-1.97375,123.263,0,1
m9,2,0,3,0.412,40.000,40.000,0.000,92.6466,-47.9333,-43.9914,113.2088,102.5600,28.4567,-38.5733,-1.39683,-2.39438,-1.74481,122.188,0,1
m9,2,0,4,0.623,40.000,40.000,0.000,95.3954,-46.9861,-46.3895,116.0171,106.0767,28.2900,-37.5150,-1.54640,-2.53297,-1.91514,122.835,0,1
m9,2,0,5,0.832,40.000,40.000,0.000,94.3325,-45.3302,-45.4893,114.1172,104.7267,27.6400,-35.9317,-1.47680,-2.47558,-1.86325,122.878,0,1
m9,2,0,6,1.027,40.000,40.000,0.000,95.8965,-45.7842,-45.4419,115.5738,106.1183,27.4317,-36.6567,-1.46093,-2.47985,-1.84615,122.677,0,1
m9,2,0,7,1.224,40.000,40.000,0.000,96.4790,-46.1552,-43.7902,115.5685,105.9517,27.2900,-37.2233,-1.38400,-2.44505,-1.80403,122.704,0,1
m9,2,0,8,1.433,40.000,40.000,0.000,96.2088,-45.4856,-44.6904,115.4223,106.0767,26.6650,-36.8650,-1.52503,-2.54823,-1.93468,123.083,0,1
m9,2,0,9,1.627,40.000,40.000,0.000,98.1303,-45.9959,-44.1436,117.0207,107.6017,26.7900,-37.3900,-1.37607,-2.45665,-1.78449,122.364,0,1
m9,2,0,10,1.839,40.000,40.000,0.000,97.1619,-45.7358,-44.9049,116.3987,107.0350,26.5817,-37.2233,-1.43529,-2.46398,-1.81136,122.425,0,1
m9,0,1,1,0.006,-40.000,0.000,0.000,93.3099,-4.1298,71.7328,117.7683,55.4767,-81.0433,-64.9900,-1.40293,-2.49634,-1.84371,122.776,0,1
m9,0,1,2,0.216,-40.000,0.000,0.000,100.5412,-1.9618,82.7059,130.2023,55.9517,-93.6517,-71.0733,-1.43956,-2.47802,-1.81624,122.365,0,1
m9,0,1,3,0.425,-40.000,0.000,0.000,105.1724,1.8544,91.0136,139.0976,59.4517,-102.4017,-72.9900,-1.39011,-2.53663,-1.86508,122.813,0,1
m9,0,1,4,0.648,-40.000,0.000,0.000,123.0571,1.8311,92.3971,153.8949,75.9767,-111.0017,-74.7650,-1.22711,-2.31746,-1.60745,121.508,0,1
m9,0,1,5,0.846,-40.000,0.000,0.000,130.3710,-0.4430,87.9145,157.2442,82.4100,-107.9600,-79.2400,-1.38034,-2.45910,-1.79243,122.440,0,1
m9,0,1,6,1.052,-40.000,0.000,0.000,123.9077,-0.2413,91.6276,154.1065,76.7683,-109.7517,-76.2233,-1.21368,-2.28022,-1.57753,121.413,0,1
m9,0,1,7,1.247,-40.000,0.000,0.000,122.4846,0.4831,91.3132,152.7770,76.8517,-108.7767,-74.8483,-1.18864,-2.29060,-1.58852,121.615,0,1
m9,0,1,8,1.457,-40.000,0.000,0.000,124.6651,2.6731,90.0838,153.8298,77.6183,-109.6267,-74.9733,-1.32051,-2.43223,-1.73626,122.102,0,1
m9,0,1,9,1.667,-40.000,0.000,0.000,125.7059,1.5420,92.2667,155.9407,78.8517,-110.5433,-76.6817,-1.26984,-2.39805,-1.70452,122.135,0,1
m9,0,1,10,1.864,-40.000,0.000,0.000,125.3614,0.2601,92.6686,155.8943,79.4767,-110.3183,-76.2650,-1.21917,-2.37363,-1.64774,121.695,0,1
m9,1,1,1,0.024,0.000,0.000,0.000,210.1067,-85.0821,92.7533,244.9223,155.8267,-87.9850,-167.2233,-1.27167,-2.38645,-1.70147,122.179,0,1
m9,1,1,2,0.219,0.000,0.000,0.000,209.1927,-90.9061,91.5538,245.7795,154.6017,-86.6933,-170.2650,-1.23077,-2.30220,-1.58852,121.321,0,1
m9,1,1,3,0.428,0.000,0.000,0.000,214.6396,-88.4612,93.6874,250.3455,156.6183,-88.7517,-173.9733,-1.37851,-2.45177,-1.78388,122.384,0,1
m9,1,1,4,0.624,0.000,0.000,0.000,210.8433,-89.8258,94.7943,248.0112,156.1600,-87.3767,-171.7233,-1.26923,-2.40720,-1.70085,122.006,0,1
m9,1,1,5,0.833,0.000,0.000,0.000,215.4036,-86.6031,91.0625,249.3816,157.8100,-87.9017,-171.9317,-1.43346,-2.51893,-1.84860,122.531,0,1
m9,1,1,6,1.046,0.000,0.000,0.000,216.2932,-84.8242,92.5866,250.1003,158.0183,-88.6683,-172.3900,-1.46581,-2.55861,-1.91636,123.019,0,1
m9,1,1,7,1.241,0.000,0.000,0.000,217.9413,-83.6609,92.8888,251.2487,158.4933,-90.2100,-172.8233,-1.52381,-2.61783,-1.97436,123.097,0,1
m9,1,1,8,1.436,0.000,0.000,0.000,219.1061,-82.3131,92.3533,251.6189,159.4100,-90.6933,-172.2650,-1.51282,-2.57814,-1.95849,123.232,0,1
m9,1,1,9,1.648,0.000,0.000,0.000,221.4839,-82.2098,93.5909,254.1118,161.2850,-91.5433,-173.7233,-1.52015,-2.59158,-1.98596,123.464,0,1
m9,1,1,10,1.857,0.000,0.000,0.000,221.5379,-83.5379,92.7144,254.2707,161.2433,-92.5267,-173.4733,-1.44383,-2.46703,-1.84432,122.831,0,1
m9,2,1,1,0.026,40.000,0.000,0.000,206.5375,-171.5194,17.4266,269.0360,180.2850,17.4317,-198.9317,-1.42796,-2.51282,-1.81319,122.102,0,1
m9,2,1,2,0.24,40.000,0.000,0.000,205.8599,-170.0208,13.1265,267.3157,180.6433,19.9317,-196.0317,-1.46032,-2.50305,-1.82967,122.267,0,1
m9,2,1,3,0.46,40.000,0.000,0.000,211.4994,-165.9440,8.9227,268.9777,187.5767,20.3900,-191.6983,-1.52869,-2.60623,-1.94017,122.706,0,1
m9,2,1,4,0.656,40.000,0.000,0.000,213.2883,-165.9005,20.7773,271.0103,190.2850,14.4317,-192.4317,-1.18498,-2.42430,-1.69780,122.178,0,1
m9,2,1,5,0.866,40.000,0.000,0.000,214.9521,-164.0696,9.0750,270.5654,193.8517,16.1817,-188.0567,-1.23626,-2.36569,-1.62882,121.392,0,1
m9,2,1,6,1.076,40.000,0.000,0.000,220.3229,-161.0496,6.2944,272.9813,196.6850,17.4733,-188.4900,-1.53663,-2.60867,-1.96581,122.996,0,1
m9,2,1,7,1.3,40.000,0.000,0.000,216.8883,-158.7391,1.2017,268.7752,196.1600,15.3733,-183.0983,-1.37057,-2.41331,-1.69231,121.373,0,1
m9,2,1,8,1.498,40.000,0.000,0.000,219.4716,-153.2680,7.0841,267.7854,196.2433,11.3483,-181.8483,-1.41758,-2.47131,-1.81563,122.509,0,1
m9,2,1,9,1.705,40.000,0.000,0.000,215.5739,-156.6692,5.6913,266.5515,195.0183,14.3483,-181.1400,-1.29731,-2.41575,-1.68926,121.635,0,1
m9,2,1,10,1.915,40.000,0.000,0.000,214.9601,-157.6448,15.7343,267.0343,192.7017,11.9567,-184.4733,-1.23321,-2.44200,-1.72222,122.192,0,1
m9,0,2,1,0.005,-40.000,-40.000,0.000,125.3191,0.6073,168.3404,209.8661,37.9517,-163.1517,-126.4317,-1.67338,-2.67643,-2.08669,123.468,0,1
m9,0,2,2,0.214,-40.000,-40.000,0.000,117.4003,0.5344,171.4888,207.8257,31.7267,-163.2350,-124.6567,-1.59707,-2.64225,-2.02869,123.308,0,1
m9,0,2,3,0.425,-40.000,-40.000,0.000,117.0528,1.7324,170.0383,206.4398,31.0183,-162.6683,-123.2650,-1.62332,-2.64713,-2.04151,123.323,0,1
m9,0,2,4,0.62,-40.000,-40.000,0.000,117.6343,3.3486,175.7687,211.5270,28.4767,-166.8600,-126.8483,-1.69719,-2.72955,-2.14469,123.714,0,1
m9,0,2,5,0.815,-40.000,-40.000,0.000,114.5615,-0.7261,180.3303,213.6443,28.1600,-168.7100,-128.0150,-1.51038,-2.60440,-1.96215,123.094,0,1
m9,0,2,6,1.024,-40.000,-40.000,0.000,114.2739,-2.6105,185.6326,218.0019,25.0350,-172.6100,-130.7817,-1.46398,-2.52259,-1.86386,122.580,0,1
m9,0,2,7,1.25,-40.000,-40.000,0.000,117.2686,4.9134,187.4784,221.1881,25.7683,-175.7350,-131.8233,-1.62759,-2.70330,-2.12393,123.944,0,1
m9,0,2,8,1.449,-40.000,-40.000,0.000,116.6314,-1.8596,189.2924,222.3465,26.1850,-176.9433,-132.0733,-1.42063,-2.47070,-1.81197,122.447,0,1
m9,0,2,9,1.656,-40.000,-40.000,0.000,118.7756,2.6828,190.2704,224.3160,25.4100,-179.0433,-132.7233,-1.55311,-2.59585,-1.97314,123.116,0,1
m9,0,2,10,1.865,-40.000,-40.000,0.000,120.5626,-1.3080,192.2379,226.9195,25.8933,-180.5850,-134.9483,-1.48535,-2.50061,-1.84615,122.405,0,1
m9,1,2,1,0.027,0.000,-40.000,0.000,169.8005,-172.9210,286.4924,375.2489,26.8933,-154.7600,-340.7900,-1.67094,-2.69475,-2.10989,123.641,4,1
m9,1,2,2,0.237,0.000,-40.000,0.000,162.4030,-169.1180,289.8446,372.8076,23.7600,-156.5933,-337.4900,-1.61233,-2.70208,-2.11661,123.928,4,1
m9,1,2,3,0.447,0.000,-40.000,0.000,165.2240,-176.3882,282.2187,371.5631,30.0600,-154.6933,-336.4900,-1.52198,-2.60256,-1.95177,122.918,4,1
m9,1,2,4,0.642,0.000,-40.000,0.000,172.1223,-174.7325,279.9414,372.1890,35.8933,-155.4600,-336.2567,-1.55067,-2.61661,-1.97497,122.997,4,1
m9,1,2,5,0.839,0.000,-40.000,0.000,170.1661,-171.5745,283.0600,372.1791,34.9600,-154.9267,-336.5900,-1.55128,-2.63980,-2.04029,123.678,4,1
m9,1,2,6,1.034,0.000,-40.000,0.000,180.5988,-171.5891,280.1695,374.9049,43.1600,-155.7267,-338.2900,-1.61722,-2.69353,-2.09280,123.669,4,1
m9,1,2,7,1.242,0.000,-40.000,0.000,181.5833,-171.9911,276.2431,372.6442,44.6600,-154.9267,-335.9567,-1.59768,-2.64957,-2.03602,123.347,4,1
m9,1,2,8,1.452,0.000,-40.000,0.000,181.1367,-177.9467,271.3573,371.6320,49.5933,-156.4600,-333.4233,-1.40965,-2.44872,-1.77717,122.169,4,1
m9,1,2,9,1.662,0.000,-40.000,0.000,176.7406,-179.4097,270.9227,369.8976,48.1600,-155.5600,-332.1233,-1.36569,-2.42979,-1.74054,121.983,4,1
m9,1,2,10,1.859,0.000,-40.000,0.000,185.3736,-171.5982,268.7753,368.8488,50.8933,-153.3933,-331.5567,-1.56899,-2.60684,-1.97558,122.996,4,1
m9,2,2,1,0.014,40.000,-40.000,0.000,143.7841,-314.1834,195.2967,396.8953,53.0600,-7.7267,-393.2567,-1.37485,-2.53541,-1.83272,122.433,4,1
m9,2,2,2,0.239,40.000,-40.000,0.000,154.5481,-314.1388,200.3302,403.3615,56.1267,-3.3600,-399.4233,-1.57204,-2.68926,-2.07570,123.678,4,1
m9,2,2,3,0.433,40.000,-40.000,0.000,151.1921,-321.9301,198.9802,407.5428,55.6600,-0.7600,-403.7233,-1.47497,-2.60134,-1.96093,123.254,4,1
m9,2,2,4,0.628,40.000,-40.000,0.000,156.4821,-319.2153,202.6180,409.1933,54.9267,-0.1933,-405.4900,-1.62882,-2.71490,-2.12454,123.863,4,1
m9,2,2,5,0.824,40.000,-40.000,0.000,155.9866,-321.7427,200.5453,409.9617,52.7267,0.4067,-406.5567,-1.61600,-2.63187,-2.03724,123.411,4,1
m9,2,2,6,1.019,40.000,-40.000,0.000,151.7444,-322.4112,203.7688,410.4839,49.7600,0.2400,-407.4567,-1.59219,-2.65446,-2.05372,123.564,4,1
m9,2,2,7,1.227,40.000,-40.000,0.000,150.8707,-328.4925,200.1995,413.2180,49.0933,1.0400,-410.2900,-1.54884,-2.57082,-1.93407,122.798,4,1
m9,2,2,8,1.424,40.000,-40.000,0.000,154.0249,-324.3937,206.4659,414.2259,49.4933,1.2067,-411.2567,-1.63797,-2.68498,-2.10501,123.794,4,1
m9,2,2,9,1.618,40.000,-40.000,0.000,151.7854,-322.3528,205.7044,411.4176,48.9933,0.0733,-408.4900,-1.60806,-2.67521,-2.08303,123.717,4,1
m9,2,2,10,1.827,40.000,-40.000,0.000,151.2392,-320.9042,207.7056,411.0893,46.1267,-1.6267,-408.4900,-1.65263,-2.70391,-2.11233,123.686,4,1
